PRICE,,,,,,,/PRICE
PTYNBR.PTYID,SETTLE,HISTORICAL,BITS,DAY,INSADDR.INSID,CURR.INSID,
EOD_MtM,0.99872,Yes,256,2017-01-03,USD/LIBOR/3M,USD,
EOD_MtM,1.00511,Yes,256,2017-01-04,USD/LIBOR/3M,USD,
EOD_MtM,1.00928,Yes,256,2017-01-05,USD/LIBOR/3M,USD,
EOD_MtM,1.01011,Yes,256,2017-01-06,USD/LIBOR/3M,USD,
EOD_MtM,1.01483,Yes,256,2017-01-09,USD/LIBOR/3M,USD,
EOD_MtM,1.01789,Yes,256,2017-01-10,USD/LIBOR/3M,USD,
EOD_MtM,1.02178,Yes,256,2017-01-11,USD/LIBOR/3M,USD,
EOD_MtM,1.02178,Yes,256,2017-01-12,USD/LIBOR/3M,USD,
EOD_MtM,1.02317,Yes,256,2017-01-13,USD/LIBOR/3M,USD,
EOD_MtM,1.02372,Yes,256,2017-01-16,USD/LIBOR/3M,USD,
EOD_MtM,1.02483,Yes,256,2017-01-17,USD/LIBOR/3M,USD,
EOD_MtM,1.03011,Yes,256,2017-01-18,USD/LIBOR/3M,USD,
EOD_MtM,1.04122,Yes,256,2017-01-19,USD/LIBOR/3M,USD,
EOD_MtM,1.04344,Yes,256,2017-01-20,USD/LIBOR/3M,USD,
EOD_MtM,1.03789,Yes,256,2017-01-23,USD/LIBOR/3M,USD,
EOD_MtM,1.03178,Yes,256,2017-01-24,USD/LIBOR/3M,USD,
EOD_MtM,1.03733,Yes,256,2017-01-25,USD/LIBOR/3M,USD,
EOD_MtM,1.039,Yes,256,2017-01-26,USD/LIBOR/3M,USD,
EOD_MtM,1.039,Yes,256,2017-01-27,USD/LIBOR/3M,USD,
EOD_MtM,1.034,Yes,256,2017-01-30,USD/LIBOR/3M,USD,
EOD_MtM,1.03456,Yes,256,2017-01-31,USD/LIBOR/3M,USD,
EOD_MtM,1.03456,Yes,256,2017-02-01,USD/LIBOR/3M,USD,
EOD_MtM,1.03372,Yes,256,2017-02-02,USD/LIBOR/3M,USD,
EOD_MtM,1.034,Yes,256,2017-02-03,USD/LIBOR/3M,USD,
EOD_MtM,1.03844,Yes,256,2017-02-06,USD/LIBOR/3M,USD,
EOD_MtM,1.03817,Yes,256,2017-02-07,USD/LIBOR/3M,USD,
EOD_MtM,1.03372,Yes,256,2017-02-08,USD/LIBOR/3M,USD,
EOD_MtM,1.03372,Yes,256,2017-02-09,USD/LIBOR/3M,USD,
EOD_MtM,1.03622,Yes,256,2017-02-10,USD/LIBOR/3M,USD,
EOD_MtM,1.039,Yes,256,2017-02-13,USD/LIBOR/3M,USD,
EOD_MtM,1.03733,Yes,256,2017-02-14,USD/LIBOR/3M,USD,
EOD_MtM,1.04178,Yes,256,2017-02-15,USD/LIBOR/3M,USD,
EOD_MtM,1.0565,Yes,256,2017-02-16,USD/LIBOR/3M,USD,
EOD_MtM,1.05233,Yes,256,2017-02-17,USD/LIBOR/3M,USD,
EOD_MtM,1.05011,Yes,256,2017-02-20,USD/LIBOR/3M,USD,
EOD_MtM,1.05344,Yes,256,2017-02-21,USD/LIBOR/3M,USD,
EOD_MtM,1.054,Yes,256,2017-02-22,USD/LIBOR/3M,USD,
EOD_MtM,1.05233,Yes,256,2017-02-23,USD/LIBOR/3M,USD,
EOD_MtM,1.054,Yes,256,2017-02-24,USD/LIBOR/3M,USD,
EOD_MtM,1.05456,Yes,256,2017-02-27,USD/LIBOR/3M,USD,
EOD_MtM,1.064,Yes,256,2017-02-28,USD/LIBOR/3M,USD,
EOD_MtM,1.09278,Yes,256,2017-03-01,USD/LIBOR/3M,USD,
EOD_MtM,1.1,Yes,256,2017-03-02,USD/LIBOR/3M,USD,
EOD_MtM,1.10167,Yes,256,2017-03-03,USD/LIBOR/3M,USD,
EOD_MtM,1.10622,Yes,256,2017-03-06,USD/LIBOR/3M,USD,
EOD_MtM,1.10622,Yes,256,2017-03-07,USD/LIBOR/3M,USD,
EOD_MtM,1.109,Yes,256,2017-03-08,USD/LIBOR/3M,USD,
EOD_MtM,1.11956,Yes,256,2017-03-09,USD/LIBOR/3M,USD,
EOD_MtM,1.12122,Yes,256,2017-03-10,USD/LIBOR/3M,USD,
EOD_MtM,1.13122,Yes,256,2017-03-13,USD/LIBOR/3M,USD,
EOD_MtM,1.13733,Yes,256,2017-03-14,USD/LIBOR/3M,USD,
EOD_MtM,1.14817,Yes,256,2017-03-15,USD/LIBOR/3M,USD,
EOD_MtM,1.15178,Yes,256,2017-03-16,USD/LIBOR/3M,USD,
EOD_MtM,1.15178,Yes,256,2017-03-17,USD/LIBOR/3M,USD,
EOD_MtM,1.15622,Yes,256,2017-03-20,USD/LIBOR/3M,USD,
EOD_MtM,1.15622,Yes,256,2017-03-21,USD/LIBOR/3M,USD,
EOD_MtM,1.15678,Yes,256,2017-03-22,USD/LIBOR/3M,USD,
EOD_MtM,1.15289,Yes,256,2017-03-23,USD/LIBOR/3M,USD,
EOD_MtM,1.15128,Yes,256,2017-03-24,USD/LIBOR/3M,USD,
EOD_MtM,1.15189,Yes,256,2017-03-27,USD/LIBOR/3M,USD,
EOD_MtM,1.15222,Yes,256,2017-03-28,USD/LIBOR/3M,USD,
EOD_MtM,1.14678,Yes,256,2017-03-29,USD/LIBOR/3M,USD,
EOD_MtM,1.14761,Yes,256,2017-03-30,USD/LIBOR/3M,USD,
EOD_MtM,1.14956,Yes,256,2017-03-31,USD/LIBOR/3M,USD,
EOD_MtM,1.14983,Yes,256,2017-04-03,USD/LIBOR/3M,USD,
EOD_MtM,1.14983,Yes,256,2017-04-04,USD/LIBOR/3M,USD,
EOD_MtM,1.15039,Yes,256,2017-04-05,USD/LIBOR/3M,USD,
EOD_MtM,1.15539,Yes,256,2017-04-06,USD/LIBOR/3M,USD,
EOD_MtM,1.15761,Yes,256,2017-04-07,USD/LIBOR/3M,USD,
EOD_MtM,1.15567,Yes,256,2017-04-10,USD/LIBOR/3M,USD,
EOD_MtM,1.15511,Yes,256,2017-04-11,USD/LIBOR/3M,USD,
EOD_MtM,1.15844,Yes,256,2017-04-12,USD/LIBOR/3M,USD,
EOD_MtM,1.15844,Yes,256,2017-04-13,USD/LIBOR/3M,USD,
EOD_MtM,1.15844,Yes,256,2017-04-14,USD/LIBOR/3M,USD,
EOD_MtM,1.15844,Yes,256,2017-04-17,USD/LIBOR/3M,USD,
EOD_MtM,1.15622,Yes,256,2017-04-18,USD/LIBOR/3M,USD,
EOD_MtM,1.15567,Yes,256,2017-04-19,USD/LIBOR/3M,USD,
EOD_MtM,1.15317,Yes,256,2017-04-20,USD/LIBOR/3M,USD,
EOD_MtM,1.15622,Yes,256,2017-04-21,USD/LIBOR/3M,USD,
EOD_MtM,1.1665,Yes,256,2017-04-24,USD/LIBOR/3M,USD,
EOD_MtM,1.17039,Yes,256,2017-04-25,USD/LIBOR/3M,USD,
EOD_MtM,1.17178,Yes,256,2017-04-26,USD/LIBOR/3M,USD,
EOD_MtM,1.16956,Yes,256,2017-04-27,USD/LIBOR/3M,USD,
EOD_MtM,1.17233,Yes,256,2017-04-28,USD/LIBOR/3M,USD,
EOD_MtM,1.17233,Yes,256,2017-05-01,USD/LIBOR/3M,USD,
EOD_MtM,1.17372,Yes,256,2017-05-02,USD/LIBOR/3M,USD,
EOD_MtM,1.17122,Yes,256,2017-05-03,USD/LIBOR/3M,USD,
EOD_MtM,1.17928,Yes,256,2017-05-04,USD/LIBOR/3M,USD,
EOD_MtM,1.18039,Yes,256,2017-05-05,USD/LIBOR/3M,USD,
EOD_MtM,1.18456,Yes,256,2017-05-08,USD/LIBOR/3M,USD,
EOD_MtM,1.182,Yes,256,2017-05-09,USD/LIBOR/3M,USD,
EOD_MtM,1.18094,Yes,256,2017-05-10,USD/LIBOR/3M,USD,
EOD_MtM,1.18178,Yes,256,2017-05-11,USD/LIBOR/3M,USD,
EOD_MtM,1.17956,Yes,256,2017-05-12,USD/LIBOR/3M,USD,
EOD_MtM,1.17944,Yes,256,2017-05-15,USD/LIBOR/3M,USD,
EOD_MtM,1.18117,Yes,256,2017-05-16,USD/LIBOR/3M,USD,
EOD_MtM,1.17839,Yes,256,2017-05-17,USD/LIBOR/3M,USD,
EOD_MtM,1.17172,Yes,256,2017-05-18,USD/LIBOR/3M,USD,
EOD_MtM,1.18644,Yes,256,2017-05-19,USD/LIBOR/3M,USD,
EOD_MtM,1.192,Yes,256,2017-05-22,USD/LIBOR/3M,USD,
EOD_MtM,1.18867,Yes,256,2017-05-23,USD/LIBOR/3M,USD,
EOD_MtM,1.19761,Yes,256,2017-05-24,USD/LIBOR/3M,USD,
EOD_MtM,1.20039,Yes,256,2017-05-25,USD/LIBOR/3M,USD,
EOD_MtM,1.20178,Yes,256,2017-05-26,USD/LIBOR/3M,USD,
EOD_MtM,1.20178,Yes,256,2017-05-29,USD/LIBOR/3M,USD,
EOD_MtM,1.20178,Yes,256,2017-05-30,USD/LIBOR/3M,USD,
EOD_MtM,1.21,Yes,256,2017-05-31,USD/LIBOR/3M,USD,
EOD_MtM,1.21806,Yes,256,2017-06-01,USD/LIBOR/3M,USD,
EOD_MtM,1.2225,Yes,256,2017-06-02,USD/LIBOR/3M,USD,
EOD_MtM,1.21956,Yes,256,2017-06-05,USD/LIBOR/3M,USD,
EOD_MtM,1.219,Yes,256,2017-06-06,USD/LIBOR/3M,USD,
EOD_MtM,1.221,Yes,256,2017-06-07,USD/LIBOR/3M,USD,
EOD_MtM,1.22811,Yes,256,2017-06-08,USD/LIBOR/3M,USD,
EOD_MtM,1.23644,Yes,256,2017-06-09,USD/LIBOR/3M,USD,
EOD_MtM,1.24167,Yes,256,2017-06-12,USD/LIBOR/3M,USD,
EOD_MtM,1.24556,Yes,256,2017-06-13,USD/LIBOR/3M,USD,
EOD_MtM,1.25033,Yes,256,2017-06-14,USD/LIBOR/3M,USD,
EOD_MtM,1.26744,Yes,256,2017-06-15,USD/LIBOR/3M,USD,
EOD_MtM,1.27356,Yes,256,2017-06-16,USD/LIBOR/3M,USD,
EOD_MtM,1.28022,Yes,256,2017-06-19,USD/LIBOR/3M,USD,
EOD_MtM,1.28722,Yes,256,2017-06-20,USD/LIBOR/3M,USD,
EOD_MtM,1.28944,Yes,256,2017-06-21,USD/LIBOR/3M,USD,
EOD_MtM,1.29556,Yes,256,2017-06-22,USD/LIBOR/3M,USD,
EOD_MtM,1.29328,Yes,256,2017-06-23,USD/LIBOR/3M,USD,
EOD_MtM,1.29483,Yes,256,2017-06-26,USD/LIBOR/3M,USD,
EOD_MtM,1.29506,Yes,256,2017-06-27,USD/LIBOR/3M,USD,
EOD_MtM,1.29639,Yes,256,2017-06-28,USD/LIBOR/3M,USD,
EOD_MtM,1.29861,Yes,256,2017-06-29,USD/LIBOR/3M,USD,
EOD_MtM,1.29917,Yes,256,2017-06-30,USD/LIBOR/3M,USD,
EOD_MtM,1.30072,Yes,256,2017-07-03,USD/LIBOR/3M,USD,
EOD_MtM,1.30211,Yes,256,2017-07-04,USD/LIBOR/3M,USD,
EOD_MtM,1.303,Yes,256,2017-07-05,USD/LIBOR/3M,USD,
EOD_MtM,1.30411,Yes,256,2017-07-06,USD/LIBOR/3M,USD,
EOD_MtM,1.30522,Yes,256,2017-07-07,USD/LIBOR/3M,USD,
EOD_MtM,1.30411,Yes,256,2017-07-10,USD/LIBOR/3M,USD,
EOD_MtM,1.3035,Yes,256,2017-07-11,USD/LIBOR/3M,USD,
EOD_MtM,1.30389,Yes,256,2017-07-12,USD/LIBOR/3M,USD,
EOD_MtM,1.30361,Yes,256,2017-07-13,USD/LIBOR/3M,USD,
EOD_MtM,1.30361,Yes,256,2017-07-14,USD/LIBOR/3M,USD,
EOD_MtM,1.30611,Yes,256,2017-07-17,USD/LIBOR/3M,USD,
EOD_MtM,1.30694,Yes,256,2017-07-18,USD/LIBOR/3M,USD,
EOD_MtM,1.30722,Yes,256,2017-07-19,USD/LIBOR/3M,USD,
EOD_MtM,1.3125,Yes,256,2017-07-20,USD/LIBOR/3M,USD,
EOD_MtM,1.31444,Yes,256,2017-07-21,USD/LIBOR/3M,USD,
EOD_MtM,1.31389,Yes,256,2017-07-24,USD/LIBOR/3M,USD,
EOD_MtM,1.31667,Yes,256,2017-07-25,USD/LIBOR/3M,USD,
EOD_MtM,1.31389,Yes,256,2017-07-26,USD/LIBOR/3M,USD,
EOD_MtM,1.31111,Yes,256,2017-07-27,USD/LIBOR/3M,USD,
EOD_MtM,1.31056,Yes,256,2017-07-28,USD/LIBOR/3M,USD,
EOD_MtM,1.31056,Yes,256,2017-07-31,USD/LIBOR/3M,USD,
EOD_MtM,1.31056,Yes,256,2017-08-01,USD/LIBOR/3M,USD,
EOD_MtM,1.31278,Yes,256,2017-08-02,USD/LIBOR/3M,USD,
EOD_MtM,1.31167,Yes,256,2017-08-03,USD/LIBOR/3M,USD,
EOD_MtM,1.31194,Yes,256,2017-08-04,USD/LIBOR/3M,USD,
EOD_MtM,1.31139,Yes,256,2017-08-07,USD/LIBOR/3M,USD,
EOD_MtM,1.30944,Yes,256,2017-08-08,USD/LIBOR/3M,USD,
EOD_MtM,1.30917,Yes,256,2017-08-09,USD/LIBOR/3M,USD,
EOD_MtM,1.30911,Yes,256,2017-08-10,USD/LIBOR/3M,USD,
EOD_MtM,1.315,Yes,256,2017-08-11,USD/LIBOR/3M,USD,
EOD_MtM,1.31417,Yes,256,2017-08-14,USD/LIBOR/3M,USD,
EOD_MtM,1.31417,Yes,256,2017-08-15,USD/LIBOR/3M,USD,
EOD_MtM,1.31667,Yes,256,2017-08-16,USD/LIBOR/3M,USD,
EOD_MtM,1.31639,Yes,256,2017-08-17,USD/LIBOR/3M,USD,
EOD_MtM,1.31472,Yes,256,2017-08-18,USD/LIBOR/3M,USD,
EOD_MtM,1.31444,Yes,256,2017-08-21,USD/LIBOR/3M,USD,
EOD_MtM,1.31722,Yes,256,2017-08-22,USD/LIBOR/3M,USD,
EOD_MtM,1.31722,Yes,256,2017-08-23,USD/LIBOR/3M,USD,
EOD_MtM,1.31722,Yes,256,2017-08-24,USD/LIBOR/3M,USD,
EOD_MtM,1.31778,Yes,256,2017-08-25,USD/LIBOR/3M,USD,
EOD_MtM,1.31778,Yes,256,2017-08-28,USD/LIBOR/3M,USD,
EOD_MtM,1.31694,Yes,256,2017-08-29,USD/LIBOR/3M,USD,
EOD_MtM,1.31611,Yes,256,2017-08-30,USD/LIBOR/3M,USD,
EOD_MtM,1.31778,Yes,256,2017-08-31,USD/LIBOR/3M,USD,
EOD_MtM,1.31611,Yes,256,2017-09-01,USD/LIBOR/3M,USD,
EOD_MtM,1.31611,Yes,256,2017-09-04,USD/LIBOR/3M,USD,
EOD_MtM,1.31722,Yes,256,2017-09-05,USD/LIBOR/3M,USD,
EOD_MtM,1.31722,Yes,256,2017-09-06,USD/LIBOR/3M,USD,
EOD_MtM,1.31722,Yes,256,2017-09-07,USD/LIBOR/3M,USD,
EOD_MtM,1.31033,Yes,256,2017-09-08,USD/LIBOR/3M,USD,
EOD_MtM,1.31667,Yes,256,2017-09-11,USD/LIBOR/3M,USD,
EOD_MtM,1.31917,Yes,256,2017-09-12,USD/LIBOR/3M,USD,
EOD_MtM,1.32,Yes,256,2017-09-13,USD/LIBOR/3M,USD,
EOD_MtM,1.32111,Yes,256,2017-09-14,USD/LIBOR/3M,USD,
EOD_MtM,1.32389,Yes,256,2017-09-15,USD/LIBOR/3M,USD,
EOD_MtM,1.325,Yes,256,2017-09-18,USD/LIBOR/3M,USD,
EOD_MtM,1.32611,Yes,256,2017-09-19,USD/LIBOR/3M,USD,
EOD_MtM,1.32306,Yes,256,2017-09-20,USD/LIBOR/3M,USD,
EOD_MtM,1.32833,Yes,256,2017-09-21,USD/LIBOR/3M,USD,
EOD_MtM,1.32944,Yes,256,2017-09-22,USD/LIBOR/3M,USD,
EOD_MtM,1.32972,Yes,256,2017-09-25,USD/LIBOR/3M,USD,
EOD_MtM,1.33083,Yes,256,2017-09-26,USD/LIBOR/3M,USD,
EOD_MtM,1.33278,Yes,256,2017-09-27,USD/LIBOR/3M,USD,
EOD_MtM,1.335,Yes,256,2017-09-28,USD/LIBOR/3M,USD,
EOD_MtM,1.33389,Yes,256,2017-09-29,USD/LIBOR/3M,USD,
EOD_MtM,1.33556,Yes,256,2017-10-02,USD/LIBOR/3M,USD,
EOD_MtM,1.3425,Yes,256,2017-10-03,USD/LIBOR/3M,USD,
EOD_MtM,1.34667,Yes,256,2017-10-04,USD/LIBOR/3M,USD,
EOD_MtM,1.34861,Yes,256,2017-10-05,USD/LIBOR/3M,USD,
EOD_MtM,1.35028,Yes,256,2017-10-06,USD/LIBOR/3M,USD,
EOD_MtM,1.35639,Yes,256,2017-10-09,USD/LIBOR/3M,USD,
EOD_MtM,1.35667,Yes,256,2017-10-10,USD/LIBOR/3M,USD,
EOD_MtM,1.35861,Yes,256,2017-10-11,USD/LIBOR/3M,USD,
EOD_MtM,1.35917,Yes,256,2017-10-12,USD/LIBOR/3M,USD,
EOD_MtM,1.35333,Yes,256,2017-10-13,USD/LIBOR/3M,USD,
EOD_MtM,1.35389,Yes,256,2017-10-16,USD/LIBOR/3M,USD,
EOD_MtM,1.35733,Yes,256,2017-10-17,USD/LIBOR/3M,USD,
EOD_MtM,1.36261,Yes,256,2017-10-18,USD/LIBOR/3M,USD,
EOD_MtM,1.3625,Yes,256,2017-10-19,USD/LIBOR/3M,USD,
EOD_MtM,1.36476,Yes,256,2017-10-20,USD/LIBOR/3M,USD,
EOD_MtM,1.36742,Yes,256,2017-10-23,USD/LIBOR/3M,USD,
EOD_MtM,1.37064,Yes,256,2017-10-24,USD/LIBOR/3M,USD,
EOD_MtM,1.37446,Yes,256,2017-10-25,USD/LIBOR/3M,USD,
EOD_MtM,1.37796,Yes,256,2017-10-26,USD/LIBOR/3M,USD,
EOD_MtM,1.38009,Yes,256,2017-10-27,USD/LIBOR/3M,USD,
EOD_MtM,1.37678,Yes,256,2017-10-30,USD/LIBOR/3M,USD,
EOD_MtM,1.38122,Yes,256,2017-10-31,USD/LIBOR/3M,USD,
EOD_MtM,1.38483,Yes,256,2017-11-01,USD/LIBOR/3M,USD,
EOD_MtM,1.39139,Yes,256,2017-11-02,USD/LIBOR/3M,USD,
EOD_MtM,1.39194,Yes,256,2017-11-03,USD/LIBOR/3M,USD,
EOD_MtM,1.39703,Yes,256,2017-11-06,USD/LIBOR/3M,USD,
EOD_MtM,1.40258,Yes,256,2017-11-07,USD/LIBOR/3M,USD,
EOD_MtM,1.40981,Yes,256,2017-11-08,USD/LIBOR/3M,USD,
EOD_MtM,1.41289,Yes,256,2017-11-09,USD/LIBOR/3M,USD,
EOD_MtM,1.41289,Yes,256,2017-11-10,USD/LIBOR/3M,USD,
EOD_MtM,1.41586,Yes,256,2017-11-13,USD/LIBOR/3M,USD,
EOD_MtM,1.41899,Yes,256,2017-11-14,USD/LIBOR/3M,USD,
EOD_MtM,1.4219,Yes,256,2017-11-15,USD/LIBOR/3M,USD,
EOD_MtM,1.43567,Yes,256,2017-11-16,USD/LIBOR/3M,USD,
EOD_MtM,1.44067,Yes,256,2017-11-17,USD/LIBOR/3M,USD,
EOD_MtM,1.44594,Yes,256,2017-11-20,USD/LIBOR/3M,USD,
EOD_MtM,1.454,Yes,256,2017-11-21,USD/LIBOR/3M,USD,
EOD_MtM,1.46233,Yes,256,2017-11-22,USD/LIBOR/3M,USD,
EOD_MtM,1.46206,Yes,256,2017-11-23,USD/LIBOR/3M,USD,
EOD_MtM,1.46763,Yes,256,2017-11-24,USD/LIBOR/3M,USD,
EOD_MtM,1.47725,Yes,256,2017-11-27,USD/LIBOR/3M,USD,
EOD_MtM,1.47882,Yes,256,2017-11-28,USD/LIBOR/3M,USD,
EOD_MtM,1.48063,Yes,256,2017-11-29,USD/LIBOR/3M,USD,
EOD_MtM,1.48738,Yes,256,2017-11-30,USD/LIBOR/3M,USD,
EOD_MtM,1.49463,Yes,256,2017-12-01,USD/LIBOR/3M,USD,
EOD_MtM,1.50849,Yes,256,2017-12-04,USD/LIBOR/3M,USD,
EOD_MtM,1.51532,Yes,256,2017-12-05,USD/LIBOR/3M,USD,
EOD_MtM,1.52263,Yes,256,2017-12-06,USD/LIBOR/3M,USD,
EOD_MtM,1.53606,Yes,256,2017-12-07,USD/LIBOR/3M,USD,
EOD_MtM,1.54878,Yes,256,2017-12-08,USD/LIBOR/3M,USD,
EOD_MtM,1.56347,Yes,256,2017-12-11,USD/LIBOR/3M,USD,
EOD_MtM,1.57352,Yes,256,2017-12-12,USD/LIBOR/3M,USD,
EOD_MtM,1.58849,Yes,256,2017-12-13,USD/LIBOR/3M,USD,
EOD_MtM,1.60042,Yes,256,2017-12-14,USD/LIBOR/3M,USD,
EOD_MtM,1.61331,Yes,256,2017-12-15,USD/LIBOR/3M,USD,
EOD_MtM,1.62548,Yes,256,2017-12-18,USD/LIBOR/3M,USD,
EOD_MtM,1.64203,Yes,256,2017-12-19,USD/LIBOR/3M,USD,
EOD_MtM,1.65793,Yes,256,2017-12-20,USD/LIBOR/3M,USD,
EOD_MtM,1.67464,Yes,256,2017-12-21,USD/LIBOR/3M,USD,
EOD_MtM,1.68577,Yes,256,2017-12-22,USD/LIBOR/3M,USD,
EOD_MtM,1.68577,Yes,256,2017-12-25,USD/LIBOR/3M,USD,
EOD_MtM,1.68577,Yes,256,2017-12-26,USD/LIBOR/3M,USD,
EOD_MtM,1.69339,Yes,256,2017-12-27,USD/LIBOR/3M,USD,
EOD_MtM,1.69465,Yes,256,2017-12-28,USD/LIBOR/3M,USD,
EOD_MtM,1.69428,Yes,256,2017-12-29,USD/LIBOR/3M,USD,
EOD_MtM,1.69428,Yes,256,2018-01-01,USD/LIBOR/3M,USD,
EOD_MtM,1.69693,Yes,256,2018-01-02,USD/LIBOR/3M,USD,
EOD_MtM,1.69593,Yes,256,2018-01-03,USD/LIBOR/3M,USD,
EOD_MtM,1.70381,Yes,256,2018-01-04,USD/LIBOR/3M,USD,
EOD_MtM,1.70393,Yes,256,2018-01-05,USD/LIBOR/3M,USD,
EOD_MtM,1.70802,Yes,256,2018-01-08,USD/LIBOR/3M,USD,
EOD_MtM,1.70457,Yes,256,2018-01-09,USD/LIBOR/3M,USD,
EOD_MtM,1.70911,Yes,256,2018-01-10,USD/LIBOR/3M,USD,
EOD_MtM,1.72019,Yes,256,2018-01-11,USD/LIBOR/3M,USD,
EOD_MtM,1.72152,Yes,256,2018-01-12,USD/LIBOR/3M,USD,
EOD_MtM,1.73133,Yes,256,2018-01-15,USD/LIBOR/3M,USD,
EOD_MtM,1.73408,Yes,256,2018-01-16,USD/LIBOR/3M,USD,
EOD_MtM,1.73918,Yes,256,2018-01-17,USD/LIBOR/3M,USD,
EOD_MtM,1.7447,Yes,256,2018-01-18,USD/LIBOR/3M,USD,
EOD_MtM,1.74447,Yes,256,2018-01-19,USD/LIBOR/3M,USD,
EOD_MtM,1.7413,Yes,256,2018-01-22,USD/LIBOR/3M,USD,
EOD_MtM,1.7452,Yes,256,2018-01-23,USD/LIBOR/3M,USD,
EOD_MtM,1.75246,Yes,256,2018-01-24,USD/LIBOR/3M,USD,
EOD_MtM,1.76031,Yes,256,2018-01-25,USD/LIBOR/3M,USD,
EOD_MtM,1.7669,Yes,256,2018-01-26,USD/LIBOR/3M,USD,
EOD_MtM,1.77225,Yes,256,2018-01-29,USD/LIBOR/3M,USD,
EOD_MtM,1.7734,Yes,256,2018-01-30,USD/LIBOR/3M,USD,
EOD_MtM,1.77777,Yes,256,2018-01-31,USD/LIBOR/3M,USD,
EOD_MtM,1.78698,Yes,256,2018-02-01,USD/LIBOR/3M,USD,
EOD_MtM,1.78902,Yes,256,2018-02-02,USD/LIBOR/3M,USD,
EOD_MtM,1.79345,Yes,256,2018-02-05,USD/LIBOR/3M,USD,
EOD_MtM,1.7907,Yes,256,2018-02-06,USD/LIBOR/3M,USD,
EOD_MtM,1.79989,Yes,256,2018-02-07,USD/LIBOR/3M,USD,
EOD_MtM,1.8105,Yes,256,2018-02-08,USD/LIBOR/3M,USD,
EOD_MtM,1.82,Yes,256,2018-02-09,USD/LIBOR/3M,USD,
EOD_MtM,1.83338,Yes,256,2018-02-12,USD/LIBOR/3M,USD,
EOD_MtM,1.83875,Yes,256,2018-02-13,USD/LIBOR/3M,USD,
EOD_MtM,1.85,Yes,256,2018-02-14,USD/LIBOR/3M,USD,
EOD_MtM,1.8725,Yes,256,2018-02-15,USD/LIBOR/3M,USD,
EOD_MtM,1.88494,Yes,256,2018-02-16,USD/LIBOR/3M,USD,
EOD_MtM,1.89213,Yes,256,2018-02-19,USD/LIBOR/3M,USD,
EOD_MtM,1.90394,Yes,256,2018-02-20,USD/LIBOR/3M,USD,
EOD_MtM,1.91975,Yes,256,2018-02-21,USD/LIBOR/3M,USD,
EOD_MtM,1.94363,Yes,256,2018-02-22,USD/LIBOR/3M,USD,
EOD_MtM,1.95625,Yes,256,2018-02-23,USD/LIBOR/3M,USD,
EOD_MtM,1.98419,Yes,256,2018-02-26,USD/LIBOR/3M,USD,
EOD_MtM,2.00625,Yes,256,2018-02-27,USD/LIBOR/3M,USD,
EOD_MtM,2.01719,Yes,256,2018-02-28,USD/LIBOR/3M,USD,
EOD_MtM,2.02457,Yes,256,2018-03-01,USD/LIBOR/3M,USD,
EOD_MtM,2.02519,Yes,256,2018-03-02,USD/LIBOR/3M,USD,
EOD_MtM,2.0349,Yes,256,2018-03-05,USD/LIBOR/3M,USD,
EOD_MtM,2.04728,Yes,256,2018-03-06,USD/LIBOR/3M,USD,
EOD_MtM,2.05725,Yes,256,2018-03-07,USD/LIBOR/3M,USD,
EOD_MtM,2.0714,Yes,256,2018-03-08,USD/LIBOR/3M,USD,
EOD_MtM,2.08875,Yes,256,2018-03-09,USD/LIBOR/3M,USD,
EOD_MtM,2.10688,Yes,256,2018-03-12,USD/LIBOR/3M,USD,
EOD_MtM,2.1245,Yes,256,2018-03-13,USD/LIBOR/3M,USD,
EOD_MtM,2.145,Yes,256,2018-03-14,USD/LIBOR/3M,USD,
EOD_MtM,2.1775,Yes,256,2018-03-15,USD/LIBOR/3M,USD,
EOD_MtM,2.20175,Yes,256,2018-03-16,USD/LIBOR/3M,USD,
EOD_MtM,2.22249,Yes,256,2018-03-19,USD/LIBOR/3M,USD,
EOD_MtM,2.24814,Yes,256,2018-03-20,USD/LIBOR/3M,USD,
EOD_MtM,2.27108,Yes,256,2018-03-21,USD/LIBOR/3M,USD,
EOD_MtM,2.28557,Yes,256,2018-03-22,USD/LIBOR/3M,USD,
EOD_MtM,2.29155,Yes,256,2018-03-23,USD/LIBOR/3M,USD,
EOD_MtM,2.29496,Yes,256,2018-03-26,USD/LIBOR/3M,USD,
EOD_MtM,2.302,Yes,256,2018-03-27,USD/LIBOR/3M,USD,
EOD_MtM,2.308,Yes,256,2018-03-28,USD/LIBOR/3M,USD,
EOD_MtM,2.31175,Yes,256,2018-03-29,USD/LIBOR/3M,USD,
EOD_MtM,2.31175,Yes,256,2018-03-30,USD/LIBOR/3M,USD,
EOD_MtM,2.31175,Yes,256,2018-04-02,USD/LIBOR/3M,USD,
EOD_MtM,2.32084,Yes,256,2018-04-03,USD/LIBOR/3M,USD,
EOD_MtM,2.32461,Yes,256,2018-04-04,USD/LIBOR/3M,USD,
EOD_MtM,2.33063,Yes,256,2018-04-05,USD/LIBOR/3M,USD,
EOD_MtM,2.33746,Yes,256,2018-04-06,USD/LIBOR/3M,USD,
EOD_MtM,2.3373,Yes,256,2018-04-09,USD/LIBOR/3M,USD,
EOD_MtM,2.33903,Yes,256,2018-04-10,USD/LIBOR/3M,USD,
EOD_MtM,2.34163,Yes,256,2018-04-11,USD/LIBOR/3M,USD,
EOD_MtM,2.34769,Yes,256,2018-04-12,USD/LIBOR/3M,USD,
EOD_MtM,2.35281,Yes,256,2018-04-13,USD/LIBOR/3M,USD,
EOD_MtM,2.35509,Yes,256,2018-04-16,USD/LIBOR/3M,USD,
EOD_MtM,2.35539,Yes,256,2018-04-17,USD/LIBOR/3M,USD,
EOD_MtM,2.35866,Yes,256,2018-04-18,USD/LIBOR/3M,USD,
EOD_MtM,2.36156,Yes,256,2018-04-19,USD/LIBOR/3M,USD,
EOD_MtM,2.35923,Yes,256,2018-04-20,USD/LIBOR/3M,USD,
EOD_MtM,2.35954,Yes,256,2018-04-23,USD/LIBOR/3M,USD,
EOD_MtM,2.36167,Yes,256,2018-04-24,USD/LIBOR/3M,USD,
EOD_MtM,2.36561,Yes,256,2018-04-25,USD/LIBOR/3M,USD,
EOD_MtM,2.35878,Yes,256,2018-04-26,USD/LIBOR/3M,USD,
EOD_MtM,2.35805,Yes,256,2018-04-27,USD/LIBOR/3M,USD,
EOD_MtM,2.36294,Yes,256,2018-04-30,USD/LIBOR/3M,USD,
EOD_MtM,2.35375,Yes,256,2018-05-01,USD/LIBOR/3M,USD,
EOD_MtM,2.36294,Yes,256,2018-05-02,USD/LIBOR/3M,USD,
EOD_MtM,2.36313,Yes,256,2018-05-03,USD/LIBOR/3M,USD,
EOD_MtM,2.36906,Yes,256,2018-05-04,USD/LIBOR/3M,USD,
EOD_MtM,2.36906,Yes,256,2018-05-07,USD/LIBOR/3M,USD,
EOD_MtM,2.3525,Yes,256,2018-05-08,USD/LIBOR/3M,USD,
EOD_MtM,2.35575,Yes,256,2018-05-09,USD/LIBOR/3M,USD,
EOD_MtM,2.355,Yes,256,2018-05-10,USD/LIBOR/3M,USD,
EOD_MtM,2.3425,Yes,256,2018-05-11,USD/LIBOR/3M,USD,
EOD_MtM,2.33,Yes,256,2018-05-14,USD/LIBOR/3M,USD,
EOD_MtM,2.32063,Yes,256,2018-05-15,USD/LIBOR/3M,USD,
EOD_MtM,2.32563,Yes,256,2018-05-16,USD/LIBOR/3M,USD,
EOD_MtM,2.33125,Yes,256,2018-05-17,USD/LIBOR/3M,USD,
EOD_MtM,2.32938,Yes,256,2018-05-18,USD/LIBOR/3M,USD,
EOD_MtM,2.33,Yes,256,2018-05-21,USD/LIBOR/3M,USD,
EOD_MtM,2.33,Yes,256,2018-05-22,USD/LIBOR/3M,USD,
EOD_MtM,2.33,Yes,256,2018-05-23,USD/LIBOR/3M,USD,
EOD_MtM,2.31938,Yes,256,2018-05-24,USD/LIBOR/3M,USD,
EOD_MtM,2.31813,Yes,256,2018-05-25,USD/LIBOR/3M,USD,
EOD_MtM,2.31813,Yes,256,2018-05-28,USD/LIBOR/3M,USD,
EOD_MtM,2.30719,Yes,256,2018-05-29,USD/LIBOR/3M,USD,
EOD_MtM,2.30031,Yes,256,2018-05-30,USD/LIBOR/3M,USD,
EOD_MtM,2.32125,Yes,256,2018-05-31,USD/LIBOR/3M,USD,
EOD_MtM,2.31781,Yes,256,2018-06-01,USD/LIBOR/3M,USD,
EOD_MtM,2.31381,Yes,256,2018-06-04,USD/LIBOR/3M,USD,
EOD_MtM,2.31919,Yes,256,2018-06-05,USD/LIBOR/3M,USD,
EOD_MtM,2.32088,Yes,256,2018-06-06,USD/LIBOR/3M,USD,
EOD_MtM,2.32713,Yes,256,2018-06-07,USD/LIBOR/3M,USD,
EOD_MtM,2.32631,Yes,256,2018-06-08,USD/LIBOR/3M,USD,
EOD_MtM,2.33263,Yes,256,2018-06-11,USD/LIBOR/3M,USD,
EOD_MtM,2.33563,Yes,256,2018-06-12,USD/LIBOR/3M,USD,
EOD_MtM,2.34063,Yes,256,2018-06-13,USD/LIBOR/3M,USD,
EOD_MtM,2.33469,Yes,256,2018-06-14,USD/LIBOR/3M,USD,
EOD_MtM,2.32594,Yes,256,2018-06-15,USD/LIBOR/3M,USD,
EOD_MtM,2.32469,Yes,256,2018-06-18,USD/LIBOR/3M,USD,
EOD_MtM,2.33025,Yes,256,2018-06-19,USD/LIBOR/3M,USD,
EOD_MtM,2.33188,Yes,256,2018-06-20,USD/LIBOR/3M,USD,
EOD_MtM,2.33506,Yes,256,2018-06-21,USD/LIBOR/3M,USD,
EOD_MtM,2.33888,Yes,256,2018-06-22,USD/LIBOR/3M,USD,
EOD_MtM,2.337,Yes,256,2018-06-25,USD/LIBOR/3M,USD,
EOD_MtM,2.33563,Yes,256,2018-06-26,USD/LIBOR/3M,USD,
EOD_MtM,2.33438,Yes,256,2018-06-27,USD/LIBOR/3M,USD,
EOD_MtM,2.33738,Yes,256,2018-06-28,USD/LIBOR/3M,USD,
EOD_MtM,2.33575,Yes,256,2018-06-29,USD/LIBOR/3M,USD,
EOD_MtM,2.3425,Yes,256,2018-07-02,USD/LIBOR/3M,USD,
EOD_MtM,2.33725,Yes,256,2018-07-03,USD/LIBOR/3M,USD,
EOD_MtM,2.33731,Yes,256,2018-07-04,USD/LIBOR/3M,USD,
EOD_MtM,2.33863,Yes,256,2018-07-05,USD/LIBOR/3M,USD,
EOD_MtM,2.33144,Yes,256,2018-07-06,USD/LIBOR/3M,USD,
EOD_MtM,2.33313,Yes,256,2018-07-09,USD/LIBOR/3M,USD,
EOD_MtM,2.33744,Yes,256,2018-07-10,USD/LIBOR/3M,USD,
EOD_MtM,2.337,Yes,256,2018-07-11,USD/LIBOR/3M,USD,
EOD_MtM,2.33919,Yes,256,2018-07-12,USD/LIBOR/3M,USD,
EOD_MtM,2.336,Yes,256,2018-07-13,USD/LIBOR/3M,USD,
EOD_MtM,2.33263,Yes,256,2018-07-16,USD/LIBOR/3M,USD,
EOD_MtM,2.34194,Yes,256,2018-07-17,USD/LIBOR/3M,USD,
EOD_MtM,2.3475,Yes,256,2018-07-18,USD/LIBOR/3M,USD,
EOD_MtM,2.34706,Yes,256,2018-07-19,USD/LIBOR/3M,USD,
EOD_MtM,2.34156,Yes,256,2018-07-20,USD/LIBOR/3M,USD,
EOD_MtM,2.33531,Yes,256,2018-07-23,USD/LIBOR/3M,USD,
EOD_MtM,2.33488,Yes,256,2018-07-24,USD/LIBOR/3M,USD,
EOD_MtM,2.33688,Yes,256,2018-07-25,USD/LIBOR/3M,USD,
EOD_MtM,2.33888,Yes,256,2018-07-26,USD/LIBOR/3M,USD,
EOD_MtM,2.34238,Yes,256,2018-07-27,USD/LIBOR/3M,USD,
EOD_MtM,2.34313,Yes,256,2018-07-30,USD/LIBOR/3M,USD,
EOD_MtM,2.34856,Yes,256,2018-07-31,USD/LIBOR/3M,USD,
EOD_MtM,2.34825,Yes,256,2018-08-01,USD/LIBOR/3M,USD,
EOD_MtM,2.3405,Yes,256,2018-08-02,USD/LIBOR/3M,USD,
EOD_MtM,2.343,Yes,256,2018-08-03,USD/LIBOR/3M,USD,
EOD_MtM,2.34325,Yes,256,2018-08-06,USD/LIBOR/3M,USD,
EOD_MtM,2.34144,Yes,256,2018-08-07,USD/LIBOR/3M,USD,
EOD_MtM,2.3405,Yes,256,2018-08-08,USD/LIBOR/3M,USD,
EOD_MtM,2.338,Yes,256,2018-08-09,USD/LIBOR/3M,USD,
EOD_MtM,2.31925,Yes,256,2018-08-10,USD/LIBOR/3M,USD,
EOD_MtM,2.31375,Yes,256,2018-08-13,USD/LIBOR/3M,USD,
EOD_MtM,2.31519,Yes,256,2018-08-14,USD/LIBOR/3M,USD,
EOD_MtM,2.31175,Yes,256,2018-08-15,USD/LIBOR/3M,USD,
EOD_MtM,2.32225,Yes,256,2018-08-16,USD/LIBOR/3M,USD,
EOD_MtM,2.31188,Yes,256,2018-08-17,USD/LIBOR/3M,USD,
EOD_MtM,2.30963,Yes,256,2018-08-20,USD/LIBOR/3M,USD,
EOD_MtM,2.31025,Yes,256,2018-08-21,USD/LIBOR/3M,USD,
EOD_MtM,2.31175,Yes,256,2018-08-22,USD/LIBOR/3M,USD,
EOD_MtM,2.31138,Yes,256,2018-08-23,USD/LIBOR/3M,USD,
EOD_MtM,2.31725,Yes,256,2018-08-24,USD/LIBOR/3M,USD,
EOD_MtM,2.31725,Yes,256,2018-08-27,USD/LIBOR/3M,USD,
EOD_MtM,2.31475,Yes,256,2018-08-28,USD/LIBOR/3M,USD,
EOD_MtM,2.31263,Yes,256,2018-08-29,USD/LIBOR/3M,USD,
EOD_MtM,2.32125,Yes,256,2018-08-30,USD/LIBOR/3M,USD,
EOD_MtM,2.32075,Yes,256,2018-08-31,USD/LIBOR/3M,USD,
EOD_MtM,2.31563,Yes,256,2018-09-03,USD/LIBOR/3M,USD,
EOD_MtM,2.32275,Yes,256,2018-09-04,USD/LIBOR/3M,USD,
EOD_MtM,2.31681,Yes,256,2018-09-05,USD/LIBOR/3M,USD,
EOD_MtM,2.32706,Yes,256,2018-09-06,USD/LIBOR/3M,USD,
EOD_MtM,2.33125,Yes,256,2018-09-07,USD/LIBOR/3M,USD,
EOD_MtM,2.33425,Yes,256,2018-09-10,USD/LIBOR/3M,USD,
EOD_MtM,2.33425,Yes,256,2018-09-11,USD/LIBOR/3M,USD,
EOD_MtM,2.3315,Yes,256,2018-09-12,USD/LIBOR/3M,USD,
EOD_MtM,2.33413,Yes,256,2018-09-13,USD/LIBOR/3M,USD,
EOD_MtM,2.33713,Yes,256,2018-09-14,USD/LIBOR/3M,USD,
EOD_MtM,2.33875,Yes,256,2018-09-17,USD/LIBOR/3M,USD,
EOD_MtM,2.3375,Yes,256,2018-09-18,USD/LIBOR/3M,USD,
EOD_MtM,2.35338,Yes,256,2018-09-19,USD/LIBOR/3M,USD,
EOD_MtM,2.36638,Yes,256,2018-09-20,USD/LIBOR/3M,USD,
EOD_MtM,2.37263,Yes,256,2018-09-21,USD/LIBOR/3M,USD,
EOD_MtM,2.37363,Yes,256,2018-09-24,USD/LIBOR/3M,USD,
EOD_MtM,2.381,Yes,256,2018-09-25,USD/LIBOR/3M,USD,
EOD_MtM,2.38613,Yes,256,2018-09-26,USD/LIBOR/3M,USD,
EOD_MtM,2.396,Yes,256,2018-09-27,USD/LIBOR/3M,USD,
EOD_MtM,2.39838,Yes,256,2018-09-28,USD/LIBOR/3M,USD,
EOD_MtM,2.39813,Yes,256,2018-10-01,USD/LIBOR/3M,USD,
EOD_MtM,2.4075,Yes,256,2018-10-02,USD/LIBOR/3M,USD,
EOD_MtM,2.40825,Yes,256,2018-10-03,USD/LIBOR/3M,USD,
EOD_MtM,2.40963,Yes,256,2018-10-04,USD/LIBOR/3M,USD,
EOD_MtM,2.40806,Yes,256,2018-10-05,USD/LIBOR/3M,USD,
EOD_MtM,2.41425,Yes,256,2018-10-08,USD/LIBOR/3M,USD,
EOD_MtM,2.42044,Yes,256,2018-10-09,USD/LIBOR/3M,USD,
EOD_MtM,2.42519,Yes,256,2018-10-10,USD/LIBOR/3M,USD,
EOD_MtM,2.43631,Yes,256,2018-10-11,USD/LIBOR/3M,USD,
EOD_MtM,2.43644,Yes,256,2018-10-12,USD/LIBOR/3M,USD,
EOD_MtM,2.44881,Yes,256,2018-10-15,USD/LIBOR/3M,USD,
EOD_MtM,2.44456,Yes,256,2018-10-16,USD/LIBOR/3M,USD,
EOD_MtM,2.44963,Yes,256,2018-10-17,USD/LIBOR/3M,USD,
EOD_MtM,2.469,Yes,256,2018-10-18,USD/LIBOR/3M,USD,
EOD_MtM,2.47719,Yes,256,2018-10-19,USD/LIBOR/3M,USD,
EOD_MtM,2.48738,Yes,256,2018-10-22,USD/LIBOR/3M,USD,
EOD_MtM,2.48988,Yes,256,2018-10-23,USD/LIBOR/3M,USD,
EOD_MtM,2.508,Yes,256,2018-10-24,USD/LIBOR/3M,USD,
EOD_MtM,2.50925,Yes,256,2018-10-25,USD/LIBOR/3M,USD,
EOD_MtM,2.52038,Yes,256,2018-10-26,USD/LIBOR/3M,USD,
EOD_MtM,2.52663,Yes,256,2018-10-29,USD/LIBOR/3M,USD,
EOD_MtM,2.541,Yes,256,2018-10-30,USD/LIBOR/3M,USD,
EOD_MtM,2.5585,Yes,256,2018-10-31,USD/LIBOR/3M,USD,
EOD_MtM,2.5815,Yes,256,2018-11-01,USD/LIBOR/3M,USD,
EOD_MtM,2.59238,Yes,256,2018-11-02,USD/LIBOR/3M,USD,
EOD_MtM,2.58925,Yes,256,2018-11-05,USD/LIBOR/3M,USD,
EOD_MtM,2.59125,Yes,256,2018-11-06,USD/LIBOR/3M,USD,
EOD_MtM,2.60113,Yes,256,2018-11-07,USD/LIBOR/3M,USD,
EOD_MtM,2.61463,Yes,256,2018-11-08,USD/LIBOR/3M,USD,
EOD_MtM,2.61813,Yes,256,2018-11-09,USD/LIBOR/3M,USD,
EOD_MtM,2.61413,Yes,256,2018-11-12,USD/LIBOR/3M,USD,
EOD_MtM,2.61613,Yes,256,2018-11-13,USD/LIBOR/3M,USD,
EOD_MtM,2.629,Yes,256,2018-11-14,USD/LIBOR/3M,USD,
EOD_MtM,2.64,Yes,256,2018-11-15,USD/LIBOR/3M,USD,
EOD_MtM,2.6445,Yes,256,2018-11-16,USD/LIBOR/3M,USD,
EOD_MtM,2.64581,Yes,256,2018-11-19,USD/LIBOR/3M,USD,
EOD_MtM,2.65313,Yes,256,2018-11-20,USD/LIBOR/3M,USD,
EOD_MtM,2.67694,Yes,256,2018-11-21,USD/LIBOR/3M,USD,
EOD_MtM,2.68925,Yes,256,2018-11-22,USD/LIBOR/3M,USD,
EOD_MtM,2.69119,Yes,256,2018-11-23,USD/LIBOR/3M,USD,
EOD_MtM,2.70681,Yes,256,2018-11-26,USD/LIBOR/3M,USD,
EOD_MtM,2.706,Yes,256,2018-11-27,USD/LIBOR/3M,USD,
EOD_MtM,2.70663,Yes,256,2018-11-28,USD/LIBOR/3M,USD,
EOD_MtM,2.73813,Yes,256,2018-11-29,USD/LIBOR/3M,USD,
EOD_MtM,2.73613,Yes,256,2018-11-30,USD/LIBOR/3M,USD,
EOD_MtM,2.75125,Yes,256,2018-12-03,USD/LIBOR/3M,USD,
EOD_MtM,2.73888,Yes,256,2018-12-04,USD/LIBOR/3M,USD,
EOD_MtM,2.76575,Yes,256,2018-12-05,USD/LIBOR/3M,USD,
EOD_MtM,2.76713,Yes,256,2018-12-06,USD/LIBOR/3M,USD,
EOD_MtM,2.77106,Yes,256,2018-12-07,USD/LIBOR/3M,USD,
EOD_MtM,2.77594,Yes,256,2018-12-10,USD/LIBOR/3M,USD,
EOD_MtM,2.779,Yes,256,2018-12-11,USD/LIBOR/3M,USD,
EOD_MtM,2.7775,Yes,256,2018-12-12,USD/LIBOR/3M,USD,
EOD_MtM,2.78819,Yes,256,2018-12-13,USD/LIBOR/3M,USD,
EOD_MtM,2.80069,Yes,256,2018-12-14,USD/LIBOR/3M,USD,
EOD_MtM,2.80363,Yes,256,2018-12-17,USD/LIBOR/3M,USD,
EOD_MtM,2.792,Yes,256,2018-12-18,USD/LIBOR/3M,USD,
EOD_MtM,2.78963,Yes,256,2018-12-19,USD/LIBOR/3M,USD,
EOD_MtM,2.82375,Yes,256,2018-12-20,USD/LIBOR/3M,USD,
EOD_MtM,2.82163,Yes,256,2018-12-21,USD/LIBOR/3M,USD,
EOD_MtM,2.81344,Yes,256,2018-12-24,USD/LIBOR/3M,USD,
EOD_MtM,2.81344,Yes,256,2018-12-25,USD/LIBOR/3M,USD,
EOD_MtM,2.81344,Yes,256,2018-12-26,USD/LIBOR/3M,USD,
EOD_MtM,2.803,Yes,256,2018-12-27,USD/LIBOR/3M,USD,
EOD_MtM,2.797,Yes,256,2018-12-28,USD/LIBOR/3M,USD,
EOD_MtM,2.80763,Yes,256,2018-12-31,USD/LIBOR/3M,USD,
EOD_MtM,2.80763,Yes,256,2019-01-01,USD/LIBOR/3M,USD,
EOD_MtM,2.79388,Yes,256,2019-01-02,USD/LIBOR/3M,USD,
EOD_MtM,2.795,Yes,256,2019-01-03,USD/LIBOR/3M,USD,
EOD_MtM,2.80388,Yes,256,2019-01-04,USD/LIBOR/3M,USD,
EOD_MtM,2.79681,Yes,256,2019-01-07,USD/LIBOR/3M,USD,
EOD_MtM,2.7825,Yes,256,2019-01-08,USD/LIBOR/3M,USD,
EOD_MtM,2.79888,Yes,256,2019-01-09,USD/LIBOR/3M,USD,
EOD_MtM,2.79694,Yes,256,2019-01-10,USD/LIBOR/3M,USD,
EOD_MtM,2.78731,Yes,256,2019-01-11,USD/LIBOR/3M,USD,
EOD_MtM,2.77894,Yes,256,2019-01-14,USD/LIBOR/3M,USD,
EOD_MtM,2.77344,Yes,256,2019-01-15,USD/LIBOR/3M,USD,
EOD_MtM,2.78031,Yes,256,2019-01-16,USD/LIBOR/3M,USD,
EOD_MtM,2.77575,Yes,256,2019-01-17,USD/LIBOR/3M,USD,
EOD_MtM,2.761,Yes,256,2019-01-18,USD/LIBOR/3M,USD,
EOD_MtM,2.77238,Yes,256,2019-01-21,USD/LIBOR/3M,USD,
EOD_MtM,2.77925,Yes,256,2019-01-22,USD/LIBOR/3M,USD,
EOD_MtM,2.77063,Yes,256,2019-01-23,USD/LIBOR/3M,USD,
EOD_MtM,2.76475,Yes,256,2019-01-24,USD/LIBOR/3M,USD,
EOD_MtM,2.75163,Yes,256,2019-01-25,USD/LIBOR/3M,USD,
EOD_MtM,2.7505,Yes,256,2019-01-28,USD/LIBOR/3M,USD,
EOD_MtM,2.74438,Yes,256,2019-01-29,USD/LIBOR/3M,USD,
EOD_MtM,2.73625,Yes,256,2019-01-30,USD/LIBOR/3M,USD,
EOD_MtM,2.7375,Yes,256,2019-01-31,USD/LIBOR/3M,USD,
EOD_MtM,2.73263,Yes,256,2019-02-01,USD/LIBOR/3M,USD,
EOD_MtM,2.73438,Yes,256,2019-02-04,USD/LIBOR/3M,USD,
EOD_MtM,2.7385,Yes,256,2019-02-05,USD/LIBOR/3M,USD,
EOD_MtM,2.73763,Yes,256,2019-02-06,USD/LIBOR/3M,USD,
EOD_MtM,2.697,Yes,256,2019-02-07,USD/LIBOR/3M,USD,
EOD_MtM,2.69775,Yes,256,2019-02-08,USD/LIBOR/3M,USD,
EOD_MtM,2.688,Yes,256,2019-02-11,USD/LIBOR/3M,USD,
EOD_MtM,2.69288,Yes,256,2019-02-12,USD/LIBOR/3M,USD,
EOD_MtM,2.68375,Yes,256,2019-02-13,USD/LIBOR/3M,USD,
EOD_MtM,2.69388,Yes,256,2019-02-14,USD/LIBOR/3M,USD,
EOD_MtM,2.68288,Yes,256,2019-02-15,USD/LIBOR/3M,USD,
EOD_MtM,2.64363,Yes,256,2019-02-18,USD/LIBOR/3M,USD,
EOD_MtM,2.64125,Yes,256,2019-02-19,USD/LIBOR/3M,USD,
EOD_MtM,2.66338,Yes,256,2019-02-20,USD/LIBOR/3M,USD,
EOD_MtM,2.651,Yes,256,2019-02-21,USD/LIBOR/3M,USD,
EOD_MtM,2.64625,Yes,256,2019-02-22,USD/LIBOR/3M,USD,
EOD_MtM,2.63863,Yes,256,2019-02-25,USD/LIBOR/3M,USD,
EOD_MtM,2.62888,Yes,256,2019-02-26,USD/LIBOR/3M,USD,
EOD_MtM,2.62613,Yes,256,2019-02-27,USD/LIBOR/3M,USD,
EOD_MtM,2.61513,Yes,256,2019-02-28,USD/LIBOR/3M,USD,
EOD_MtM,2.5985,Yes,256,2019-03-01,USD/LIBOR/3M,USD,
EOD_MtM,2.60763,Yes,256,2019-03-04,USD/LIBOR/3M,USD,
EOD_MtM,2.60663,Yes,256,2019-03-05,USD/LIBOR/3M,USD,
EOD_MtM,2.5945,Yes,256,2019-03-06,USD/LIBOR/3M,USD,
EOD_MtM,2.60063,Yes,256,2019-03-07,USD/LIBOR/3M,USD,
EOD_MtM,2.59663,Yes,256,2019-03-08,USD/LIBOR/3M,USD,
EOD_MtM,2.60825,Yes,256,2019-03-11,USD/LIBOR/3M,USD,
EOD_MtM,2.59325,Yes,256,2019-03-12,USD/LIBOR/3M,USD,
EOD_MtM,2.61088,Yes,256,2019-03-13,USD/LIBOR/3M,USD,
EOD_MtM,2.61463,Yes,256,2019-03-14,USD/LIBOR/3M,USD,
EOD_MtM,2.62525,Yes,256,2019-03-15,USD/LIBOR/3M,USD,
EOD_MtM,2.63263,Yes,256,2019-03-18,USD/LIBOR/3M,USD,
EOD_MtM,2.61275,Yes,256,2019-03-19,USD/LIBOR/3M,USD,
EOD_MtM,2.607,Yes,256,2019-03-20,USD/LIBOR/3M,USD,
EOD_MtM,2.6015,Yes,256,2019-03-21,USD/LIBOR/3M,USD,
EOD_MtM,2.60988,Yes,256,2019-03-22,USD/LIBOR/3M,USD,
EOD_MtM,2.60875,Yes,256,2019-03-25,USD/LIBOR/3M,USD,
EOD_MtM,2.59738,Yes,256,2019-03-26,USD/LIBOR/3M,USD,
EOD_MtM,2.601,Yes,256,2019-03-27,USD/LIBOR/3M,USD,
EOD_MtM,2.59175,Yes,256,2019-03-28,USD/LIBOR/3M,USD,
EOD_MtM,2.59975,Yes,256,2019-03-29,USD/LIBOR/3M,USD,
EOD_MtM,2.5955,Yes,256,2019-04-01,USD/LIBOR/3M,USD,
EOD_MtM,2.60238,Yes,256,2019-04-02,USD/LIBOR/3M,USD,
EOD_MtM,2.59775,Yes,256,2019-04-03,USD/LIBOR/3M,USD,
EOD_MtM,2.58863,Yes,256,2019-04-04,USD/LIBOR/3M,USD,
EOD_MtM,2.59213,Yes,256,2019-04-05,USD/LIBOR/3M,USD,
EOD_MtM,2.584,Yes,256,2019-04-08,USD/LIBOR/3M,USD,
EOD_MtM,2.58125,Yes,256,2019-04-09,USD/LIBOR/3M,USD,
EOD_MtM,2.6035,Yes,256,2019-04-10,USD/LIBOR/3M,USD,
EOD_MtM,2.59675,Yes,256,2019-04-11,USD/LIBOR/3M,USD,
EOD_MtM,2.601,Yes,256,2019-04-12,USD/LIBOR/3M,USD,
EOD_MtM,2.588,Yes,256,2019-04-15,USD/LIBOR/3M,USD,
EOD_MtM,2.60088,Yes,256,2019-04-16,USD/LIBOR/3M,USD,
EOD_MtM,2.5915,Yes,256,2019-04-17,USD/LIBOR/3M,USD,
EOD_MtM,2.58113,Yes,256,2019-04-18,USD/LIBOR/3M,USD,
EOD_MtM,2.58113,Yes,256,2019-04-19,USD/LIBOR/3M,USD,
EOD_MtM,2.58113,Yes,256,2019-04-22,USD/LIBOR/3M,USD,
EOD_MtM,2.58025,Yes,256,2019-04-23,USD/LIBOR/3M,USD,
EOD_MtM,2.58638,Yes,256,2019-04-24,USD/LIBOR/3M,USD,
EOD_MtM,2.58238,Yes,256,2019-04-25,USD/LIBOR/3M,USD,
EOD_MtM,2.58275,Yes,256,2019-04-26,USD/LIBOR/3M,USD,
EOD_MtM,2.579,Yes,256,2019-04-29,USD/LIBOR/3M,USD,
EOD_MtM,2.57563,Yes,256,2019-04-30,USD/LIBOR/3M,USD,
EOD_MtM,2.5755,Yes,256,2019-05-01,USD/LIBOR/3M,USD,
EOD_MtM,2.56513,Yes,256,2019-05-02,USD/LIBOR/3M,USD,
EOD_MtM,2.55988,Yes,256,2019-05-03,USD/LIBOR/3M,USD,
EOD_MtM,2.55988,Yes,256,2019-05-06,USD/LIBOR/3M,USD,
EOD_MtM,2.562,Yes,256,2019-05-07,USD/LIBOR/3M,USD,
EOD_MtM,2.54513,Yes,256,2019-05-08,USD/LIBOR/3M,USD,
EOD_MtM,2.53525,Yes,256,2019-05-09,USD/LIBOR/3M,USD,
EOD_MtM,2.52788,Yes,256,2019-05-10,USD/LIBOR/3M,USD,
EOD_MtM,2.518,Yes,256,2019-05-13,USD/LIBOR/3M,USD,
EOD_MtM,2.5245,Yes,256,2019-05-14,USD/LIBOR/3M,USD,
EOD_MtM,2.52513,Yes,256,2019-05-15,USD/LIBOR/3M,USD,
EOD_MtM,2.51963,Yes,256,2019-05-16,USD/LIBOR/3M,USD,
EOD_MtM,2.52188,Yes,256,2019-05-17,USD/LIBOR/3M,USD,
EOD_MtM,2.52338,Yes,256,2019-05-20,USD/LIBOR/3M,USD,
EOD_MtM,2.5235,Yes,256,2019-05-21,USD/LIBOR/3M,USD,
EOD_MtM,2.52475,Yes,256,2019-05-22,USD/LIBOR/3M,USD,
EOD_MtM,2.52063,Yes,256,2019-05-23,USD/LIBOR/3M,USD,
EOD_MtM,2.52488,Yes,256,2019-05-24,USD/LIBOR/3M,USD,
EOD_MtM,2.52488,Yes,256,2019-05-27,USD/LIBOR/3M,USD,
EOD_MtM,2.52375,Yes,256,2019-05-28,USD/LIBOR/3M,USD,
EOD_MtM,2.52175,Yes,256,2019-05-29,USD/LIBOR/3M,USD,
EOD_MtM,2.52025,Yes,256,2019-05-30,USD/LIBOR/3M,USD,
EOD_MtM,2.5025,Yes,256,2019-05-31,USD/LIBOR/3M,USD,
EOD_MtM,2.4785,Yes,256,2019-06-03,USD/LIBOR/3M,USD,
EOD_MtM,2.47438,Yes,256,2019-06-04,USD/LIBOR/3M,USD,
EOD_MtM,2.47163,Yes,256,2019-06-05,USD/LIBOR/3M,USD,
EOD_MtM,2.453,Yes,256,2019-06-06,USD/LIBOR/3M,USD,
EOD_MtM,2.45063,Yes,256,2019-06-07,USD/LIBOR/3M,USD,
EOD_MtM,2.43575,Yes,256,2019-06-10,USD/LIBOR/3M,USD,
EOD_MtM,2.4495,Yes,256,2019-06-11,USD/LIBOR/3M,USD,
EOD_MtM,2.42788,Yes,256,2019-06-12,USD/LIBOR/3M,USD,
EOD_MtM,2.41025,Yes,256,2019-06-13,USD/LIBOR/3M,USD,
EOD_MtM,2.402,Yes,256,2019-06-14,USD/LIBOR/3M,USD,
EOD_MtM,2.4185,Yes,256,2019-06-17,USD/LIBOR/3M,USD,
EOD_MtM,2.38663,Yes,256,2019-06-18,USD/LIBOR/3M,USD,
EOD_MtM,2.38613,Yes,256,2019-06-19,USD/LIBOR/3M,USD,
EOD_MtM,2.34313,Yes,256,2019-06-20,USD/LIBOR/3M,USD,
EOD_MtM,2.34925,Yes,256,2019-06-21,USD/LIBOR/3M,USD,
EOD_MtM,2.33288,Yes,256,2019-06-24,USD/LIBOR/3M,USD,
EOD_MtM,2.31125,Yes,256,2019-06-25,USD/LIBOR/3M,USD,
EOD_MtM,2.32988,Yes,256,2019-06-26,USD/LIBOR/3M,USD,
EOD_MtM,2.31888,Yes,256,2019-06-27,USD/LIBOR/3M,USD,
EOD_MtM,2.31988,Yes,256,2019-06-28,USD/LIBOR/3M,USD,
EOD_MtM,2.33188,Yes,256,2019-07-01,USD/LIBOR/3M,USD,
EOD_MtM,2.313,Yes,256,2019-07-02,USD/LIBOR/3M,USD,
EOD_MtM,2.2885,Yes,256,2019-07-03,USD/LIBOR/3M,USD,
EOD_MtM,2.30263,Yes,256,2019-07-04,USD/LIBOR/3M,USD,
EOD_MtM,2.31138,Yes,256,2019-07-05,USD/LIBOR/3M,USD,
EOD_MtM,2.33775,Yes,256,2019-07-08,USD/LIBOR/3M,USD,
EOD_MtM,2.34075,Yes,256,2019-07-09,USD/LIBOR/3M,USD,
EOD_MtM,2.3395,Yes,256,2019-07-10,USD/LIBOR/3M,USD,
EOD_MtM,2.30338,Yes,256,2019-07-11,USD/LIBOR/3M,USD,
EOD_MtM,2.32225,Yes,256,2019-07-12,USD/LIBOR/3M,USD,
EOD_MtM,2.30325,Yes,256,2019-07-15,USD/LIBOR/3M,USD,
EOD_MtM,2.29963,Yes,256,2019-07-16,USD/LIBOR/3M,USD,
EOD_MtM,2.3025,Yes,256,2019-07-17,USD/LIBOR/3M,USD,
EOD_MtM,2.27763,Yes,256,2019-07-18,USD/LIBOR/3M,USD,
EOD_MtM,2.25938,Yes,256,2019-07-19,USD/LIBOR/3M,USD,
EOD_MtM,2.28275,Yes,256,2019-07-22,USD/LIBOR/3M,USD,
EOD_MtM,2.2755,Yes,256,2019-07-23,USD/LIBOR/3M,USD,
EOD_MtM,2.26663,Yes,256,2019-07-24,USD/LIBOR/3M,USD,
EOD_MtM,2.25575,Yes,256,2019-07-25,USD/LIBOR/3M,USD,
EOD_MtM,2.26575,Yes,256,2019-07-26,USD/LIBOR/3M,USD,
EOD_MtM,2.2555,Yes,256,2019-07-29,USD/LIBOR/3M,USD,
EOD_MtM,2.25313,Yes,256,2019-07-30,USD/LIBOR/3M,USD,
EOD_MtM,2.26563,Yes,256,2019-07-31,USD/LIBOR/3M,USD,
EOD_MtM,2.28675,Yes,256,2019-08-01,USD/LIBOR/3M,USD,
EOD_MtM,2.23925,Yes,256,2019-08-02,USD/LIBOR/3M,USD,
EOD_MtM,2.209,Yes,256,2019-08-05,USD/LIBOR/3M,USD,
EOD_MtM,2.187,Yes,256,2019-08-06,USD/LIBOR/3M,USD,
EOD_MtM,2.1845,Yes,256,2019-08-07,USD/LIBOR/3M,USD,
EOD_MtM,2.181,Yes,256,2019-08-08,USD/LIBOR/3M,USD,
EOD_MtM,2.17563,Yes,256,2019-08-09,USD/LIBOR/3M,USD,
EOD_MtM,2.17525,Yes,256,2019-08-12,USD/LIBOR/3M,USD,
EOD_MtM,2.15813,Yes,256,2019-08-13,USD/LIBOR/3M,USD,
EOD_MtM,2.16838,Yes,256,2019-08-14,USD/LIBOR/3M,USD,
EOD_MtM,2.12375,Yes,256,2019-08-15,USD/LIBOR/3M,USD,
EOD_MtM,2.13588,Yes,256,2019-08-16,USD/LIBOR/3M,USD,
EOD_MtM,2.1515,Yes,256,2019-08-19,USD/LIBOR/3M,USD,
EOD_MtM,2.1495,Yes,256,2019-08-20,USD/LIBOR/3M,USD,
EOD_MtM,2.14763,Yes,256,2019-08-21,USD/LIBOR/3M,USD,
EOD_MtM,2.13225,Yes,256,2019-08-22,USD/LIBOR/3M,USD,
EOD_MtM,2.14438,Yes,256,2019-08-23,USD/LIBOR/3M,USD,
EOD_MtM,2.14438,Yes,256,2019-08-26,USD/LIBOR/3M,USD,
EOD_MtM,2.11738,Yes,256,2019-08-27,USD/LIBOR/3M,USD,
EOD_MtM,2.12413,Yes,256,2019-08-28,USD/LIBOR/3M,USD,
EOD_MtM,2.13175,Yes,256,2019-08-29,USD/LIBOR/3M,USD,
EOD_MtM,2.13763,Yes,256,2019-08-30,USD/LIBOR/3M,USD,
EOD_MtM,2.13275,Yes,256,2019-09-02,USD/LIBOR/3M,USD,
EOD_MtM,2.12663,Yes,256,2019-09-03,USD/LIBOR/3M,USD,
EOD_MtM,2.11238,Yes,256,2019-09-04,USD/LIBOR/3M,USD,
EOD_MtM,2.10213,Yes,256,2019-09-05,USD/LIBOR/3M,USD,
EOD_MtM,2.13413,Yes,256,2019-09-06,USD/LIBOR/3M,USD,
EOD_MtM,2.13838,Yes,256,2019-09-09,USD/LIBOR/3M,USD,
EOD_MtM,2.13163,Yes,256,2019-09-10,USD/LIBOR/3M,USD,
EOD_MtM,2.12725,Yes,256,2019-09-11,USD/LIBOR/3M,USD,
EOD_MtM,2.1185,Yes,256,2019-09-12,USD/LIBOR/3M,USD,
EOD_MtM,2.13938,Yes,256,2019-09-13,USD/LIBOR/3M,USD,
EOD_MtM,2.14513,Yes,256,2019-09-16,USD/LIBOR/3M,USD,
EOD_MtM,2.16413,Yes,256,2019-09-17,USD/LIBOR/3M,USD,
EOD_MtM,2.15588,Yes,256,2019-09-18,USD/LIBOR/3M,USD,
EOD_MtM,2.15888,Yes,256,2019-09-19,USD/LIBOR/3M,USD,
EOD_MtM,2.13463,Yes,256,2019-09-20,USD/LIBOR/3M,USD,
EOD_MtM,2.10625,Yes,256,2019-09-23,USD/LIBOR/3M,USD,
EOD_MtM,2.113,Yes,256,2019-09-24,USD/LIBOR/3M,USD,
EOD_MtM,2.09963,Yes,256,2019-09-25,USD/LIBOR/3M,USD,
EOD_MtM,2.10438,Yes,256,2019-09-26,USD/LIBOR/3M,USD,
EOD_MtM,2.09863,Yes,256,2019-09-27,USD/LIBOR/3M,USD,
EOD_MtM,2.08513,Yes,256,2019-09-30,USD/LIBOR/3M,USD,
EOD_MtM,2.08863,Yes,256,2019-10-01,USD/LIBOR/3M,USD,
EOD_MtM,2.05638,Yes,256,2019-10-02,USD/LIBOR/3M,USD,
EOD_MtM,2.04313,Yes,256,2019-10-03,USD/LIBOR/3M,USD,
EOD_MtM,2.027,Yes,256,2019-10-04,USD/LIBOR/3M,USD,
EOD_MtM,2.012,Yes,256,2019-10-07,USD/LIBOR/3M,USD,
EOD_MtM,2.0095,Yes,256,2019-10-08,USD/LIBOR/3M,USD,
EOD_MtM,1.98425,Yes,256,2019-10-09,USD/LIBOR/3M,USD,
EOD_MtM,1.98613,Yes,256,2019-10-10,USD/LIBOR/3M,USD,
EOD_MtM,2.00088,Yes,256,2019-10-11,USD/LIBOR/3M,USD,
EOD_MtM,2.00088,Yes,256,2019-10-14,USD/LIBOR/3M,USD,
EOD_MtM,2.00213,Yes,256,2019-10-15,USD/LIBOR/3M,USD,
EOD_MtM,2.00325,Yes,256,2019-10-16,USD/LIBOR/3M,USD,
EOD_MtM,1.96588,Yes,256,2019-10-17,USD/LIBOR/3M,USD,
EOD_MtM,1.95325,Yes,256,2019-10-18,USD/LIBOR/3M,USD,
EOD_MtM,1.934,Yes,256,2019-10-21,USD/LIBOR/3M,USD,
EOD_MtM,1.936,Yes,256,2019-10-22,USD/LIBOR/3M,USD,
EOD_MtM,1.93963,Yes,256,2019-10-23,USD/LIBOR/3M,USD,
EOD_MtM,1.93563,Yes,256,2019-10-24,USD/LIBOR/3M,USD,
EOD_MtM,1.92813,Yes,256,2019-10-25,USD/LIBOR/3M,USD,
EOD_MtM,1.9355,Yes,256,2019-10-28,USD/LIBOR/3M,USD,
EOD_MtM,1.92713,Yes,256,2019-10-29,USD/LIBOR/3M,USD,
EOD_MtM,1.90913,Yes,256,2019-10-30,USD/LIBOR/3M,USD,
EOD_MtM,1.90225,Yes,256,2019-10-31,USD/LIBOR/3M,USD,
EOD_MtM,1.8905,Yes,256,2019-11-01,USD/LIBOR/3M,USD,
EOD_MtM,1.90825,Yes,256,2019-11-04,USD/LIBOR/3M,USD,
EOD_MtM,1.8935,Yes,256,2019-11-05,USD/LIBOR/3M,USD,
EOD_MtM,1.90425,Yes,256,2019-11-06,USD/LIBOR/3M,USD,
EOD_MtM,1.90138,Yes,256,2019-11-07,USD/LIBOR/3M,USD,
EOD_MtM,1.90063,Yes,256,2019-11-08,USD/LIBOR/3M,USD,
EOD_MtM,1.90463,Yes,256,2019-11-11,USD/LIBOR/3M,USD,
EOD_MtM,1.90925,Yes,256,2019-11-12,USD/LIBOR/3M,USD,
EOD_MtM,1.90988,Yes,256,2019-11-13,USD/LIBOR/3M,USD,
EOD_MtM,1.90413,Yes,256,2019-11-14,USD/LIBOR/3M,USD,
EOD_MtM,1.90263,Yes,256,2019-11-15,USD/LIBOR/3M,USD,
EOD_MtM,1.8985,Yes,256,2019-11-18,USD/LIBOR/3M,USD,
EOD_MtM,1.89463,Yes,256,2019-11-19,USD/LIBOR/3M,USD,
EOD_MtM,1.89875,Yes,256,2019-11-20,USD/LIBOR/3M,USD,
EOD_MtM,1.9095,Yes,256,2019-11-21,USD/LIBOR/3M,USD,
EOD_MtM,1.91725,Yes,256,2019-11-22,USD/LIBOR/3M,USD,
EOD_MtM,1.91863,Yes,256,2019-11-25,USD/LIBOR/3M,USD,
EOD_MtM,1.90863,Yes,256,2019-11-26,USD/LIBOR/3M,USD,
EOD_MtM,1.91375,Yes,256,2019-11-27,USD/LIBOR/3M,USD,
EOD_MtM,1.90688,Yes,256,2019-11-28,USD/LIBOR/3M,USD,
EOD_MtM,1.9055,Yes,256,2019-11-29,USD/LIBOR/3M,USD,
EOD_MtM,1.90013,Yes,256,2019-12-02,USD/LIBOR/3M,USD,
EOD_MtM,1.8915,Yes,256,2019-12-03,USD/LIBOR/3M,USD,
EOD_MtM,1.88713,Yes,256,2019-12-04,USD/LIBOR/3M,USD,
EOD_MtM,1.885,Yes,256,2019-12-05,USD/LIBOR/3M,USD,
EOD_MtM,1.8905,Yes,256,2019-12-06,USD/LIBOR/3M,USD,
EOD_MtM,1.88838,Yes,256,2019-12-09,USD/LIBOR/3M,USD,
EOD_MtM,1.88725,Yes,256,2019-12-10,USD/LIBOR/3M,USD,
EOD_MtM,1.88738,Yes,256,2019-12-11,USD/LIBOR/3M,USD,
EOD_MtM,1.89363,Yes,256,2019-12-12,USD/LIBOR/3M,USD,
EOD_MtM,1.89963,Yes,256,2019-12-13,USD/LIBOR/3M,USD,
EOD_MtM,1.8985,Yes,256,2019-12-16,USD/LIBOR/3M,USD,
EOD_MtM,1.9025,Yes,256,2019-12-17,USD/LIBOR/3M,USD,
EOD_MtM,1.908,Yes,256,2019-12-18,USD/LIBOR/3M,USD,
EOD_MtM,1.92775,Yes,256,2019-12-19,USD/LIBOR/3M,USD,
EOD_MtM,1.93475,Yes,256,2019-12-20,USD/LIBOR/3M,USD,
EOD_MtM,1.94663,Yes,256,2019-12-23,USD/LIBOR/3M,USD,
EOD_MtM,1.9605,Yes,256,2019-12-24,USD/LIBOR/3M,USD,
EOD_MtM,1.9605,Yes,256,2019-12-25,USD/LIBOR/3M,USD,
EOD_MtM,1.9605,Yes,256,2019-12-26,USD/LIBOR/3M,USD,
EOD_MtM,1.94463,Yes,256,2019-12-27,USD/LIBOR/3M,USD,
EOD_MtM,1.90938,Yes,256,2019-12-30,USD/LIBOR/3M,USD,
EOD_MtM,1.90838,Yes,256,2019-12-31,USD/LIBOR/3M,USD,
EOD_MtM,1.90838,Yes,256,2020-01-01,USD/LIBOR/3M,USD,
EOD_MtM,1.90025,Yes,256,2020-01-02,USD/LIBOR/3M,USD,
EOD_MtM,1.87388,Yes,256,2020-01-03,USD/LIBOR/3M,USD,
EOD_MtM,1.87225,Yes,256,2020-01-06,USD/LIBOR/3M,USD,
EOD_MtM,1.878,Yes,256,2020-01-07,USD/LIBOR/3M,USD,
EOD_MtM,1.834,Yes,256,2020-01-08,USD/LIBOR/3M,USD,
EOD_MtM,1.84788,Yes,256,2020-01-09,USD/LIBOR/3M,USD,
EOD_MtM,1.83775,Yes,256,2020-01-10,USD/LIBOR/3M,USD,
EOD_MtM,1.83125,Yes,256,2020-01-13,USD/LIBOR/3M,USD,
EOD_MtM,1.84263,Yes,256,2020-01-14,USD/LIBOR/3M,USD,
EOD_MtM,1.83613,Yes,256,2020-01-15,USD/LIBOR/3M,USD,
EOD_MtM,1.82663,Yes,256,2020-01-16,USD/LIBOR/3M,USD,
EOD_MtM,1.81913,Yes,256,2020-01-17,USD/LIBOR/3M,USD,
EOD_MtM,1.80213,Yes,256,2020-01-20,USD/LIBOR/3M,USD,
EOD_MtM,1.80625,Yes,256,2020-01-21,USD/LIBOR/3M,USD,
EOD_MtM,1.80088,Yes,256,2020-01-22,USD/LIBOR/3M,USD,
EOD_MtM,1.79413,Yes,256,2020-01-23,USD/LIBOR/3M,USD,
EOD_MtM,1.79538,Yes,256,2020-01-24,USD/LIBOR/3M,USD,
EOD_MtM,1.7745,Yes,256,2020-01-27,USD/LIBOR/3M,USD,
EOD_MtM,1.7695,Yes,256,2020-01-28,USD/LIBOR/3M,USD,
EOD_MtM,1.77713,Yes,256,2020-01-29,USD/LIBOR/3M,USD,
EOD_MtM,1.76325,Yes,256,2020-01-30,USD/LIBOR/3M,USD,
EOD_MtM,1.75113,Yes,256,2020-01-31,USD/LIBOR/3M,USD,
EOD_MtM,1.741,Yes,256,2020-02-03,USD/LIBOR/3M,USD,
EOD_MtM,1.73738,Yes,256,2020-02-04,USD/LIBOR/3M,USD,
EOD_MtM,1.74163,Yes,256,2020-02-05,USD/LIBOR/3M,USD,
EOD_MtM,1.73413,Yes,256,2020-02-06,USD/LIBOR/3M,USD,
EOD_MtM,1.73088,Yes,256,2020-02-07,USD/LIBOR/3M,USD,
EOD_MtM,1.71313,Yes,256,2020-02-10,USD/LIBOR/3M,USD,
EOD_MtM,1.70725,Yes,256,2020-02-11,USD/LIBOR/3M,USD,
EOD_MtM,1.70375,Yes,256,2020-02-12,USD/LIBOR/3M,USD,
EOD_MtM,1.69163,Yes,256,2020-02-13,USD/LIBOR/3M,USD,
EOD_MtM,1.69175,Yes,256,2020-02-14,USD/LIBOR/3M,USD,
EOD_MtM,1.69288,Yes,256,2020-02-17,USD/LIBOR/3M,USD,
EOD_MtM,1.69463,Yes,256,2020-02-18,USD/LIBOR/3M,USD,
EOD_MtM,1.696,Yes,256,2020-02-19,USD/LIBOR/3M,USD,
EOD_MtM,1.68275,Yes,256,2020-02-20,USD/LIBOR/3M,USD,
EOD_MtM,1.67925,Yes,256,2020-02-21,USD/LIBOR/3M,USD,
EOD_MtM,1.64663,Yes,256,2020-02-24,USD/LIBOR/3M,USD,
EOD_MtM,1.63763,Yes,256,2020-02-25,USD/LIBOR/3M,USD,
EOD_MtM,1.61325,Yes,256,2020-02-26,USD/LIBOR/3M,USD,
EOD_MtM,1.58038,Yes,256,2020-02-27,USD/LIBOR/3M,USD,
EOD_MtM,1.46275,Yes,256,2020-02-28,USD/LIBOR/3M,USD,
EOD_MtM,1.25375,Yes,256,2020-03-02,USD/LIBOR/3M,USD,
EOD_MtM,1.31425,Yes,256,2020-03-03,USD/LIBOR/3M,USD,
EOD_MtM,1.00063,Yes,256,2020-03-04,USD/LIBOR/3M,USD,
EOD_MtM,0.99888,Yes,256,2020-03-05,USD/LIBOR/3M,USD,
EOD_MtM,0.896,Yes,256,2020-03-06,USD/LIBOR/3M,USD,
EOD_MtM,0.76813,Yes,256,2020-03-09,USD/LIBOR/3M,USD,
EOD_MtM,0.78413,Yes,256,2020-03-10,USD/LIBOR/3M,USD,
EOD_MtM,0.7725,Yes,256,2020-03-11,USD/LIBOR/3M,USD,
EOD_MtM,0.7405,Yes,256,2020-03-12,USD/LIBOR/3M,USD,
EOD_MtM,0.84313,Yes,256,2020-03-13,USD/LIBOR/3M,USD,
EOD_MtM,0.88938,Yes,256,2020-03-16,USD/LIBOR/3M,USD,
EOD_MtM,1.05188,Yes,256,2020-03-17,USD/LIBOR/3M,USD,
EOD_MtM,1.11575,Yes,256,2020-03-18,USD/LIBOR/3M,USD,
EOD_MtM,1.19513,Yes,256,2020-03-19,USD/LIBOR/3M,USD,
EOD_MtM,1.20413,Yes,256,2020-03-20,USD/LIBOR/3M,USD,
EOD_MtM,1.21563,Yes,256,2020-03-23,USD/LIBOR/3M,USD,
EOD_MtM,1.23238,Yes,256,2020-03-24,USD/LIBOR/3M,USD,
EOD_MtM,1.267,Yes,256,2020-03-25,USD/LIBOR/3M,USD,
EOD_MtM,1.37463,Yes,256,2020-03-26,USD/LIBOR/3M,USD,
EOD_MtM,1.45013,Yes,256,2020-03-27,USD/LIBOR/3M,USD,
EOD_MtM,1.43338,Yes,256,2020-03-30,USD/LIBOR/3M,USD,
EOD_MtM,1.4505,Yes,256,2020-03-31,USD/LIBOR/3M,USD,
EOD_MtM,1.4365,Yes,256,2020-04-01,USD/LIBOR/3M,USD,
EOD_MtM,1.373,Yes,256,2020-04-02,USD/LIBOR/3M,USD,
EOD_MtM,1.38738,Yes,256,2020-04-03,USD/LIBOR/3M,USD,
EOD_MtM,1.35238,Yes,256,2020-04-06,USD/LIBOR/3M,USD,
EOD_MtM,1.31988,Yes,256,2020-04-07,USD/LIBOR/3M,USD,
EOD_MtM,1.31138,Yes,256,2020-04-08,USD/LIBOR/3M,USD,
EOD_MtM,1.21888,Yes,256,2020-04-09,USD/LIBOR/3M,USD,
EOD_MtM,1.21888,Yes,256,2020-04-10,USD/LIBOR/3M,USD,
EOD_MtM,1.21888,Yes,256,2020-04-13,USD/LIBOR/3M,USD,
EOD_MtM,1.17613,Yes,256,2020-04-14,USD/LIBOR/3M,USD,
EOD_MtM,1.13488,Yes,256,2020-04-15,USD/LIBOR/3M,USD,
EOD_MtM,1.13525,Yes,256,2020-04-16,USD/LIBOR/3M,USD,
EOD_MtM,1.109,Yes,256,2020-04-17,USD/LIBOR/3M,USD,
EOD_MtM,1.09763,Yes,256,2020-04-20,USD/LIBOR/3M,USD,
EOD_MtM,1.043,Yes,256,2020-04-21,USD/LIBOR/3M,USD,
EOD_MtM,1.02025,Yes,256,2020-04-22,USD/LIBOR/3M,USD,
EOD_MtM,0.99138,Yes,256,2020-04-23,USD/LIBOR/3M,USD,
EOD_MtM,0.88713,Yes,256,2020-04-24,USD/LIBOR/3M,USD,
EOD_MtM,0.84075,Yes,256,2020-04-27,USD/LIBOR/3M,USD,
EOD_MtM,0.76013,Yes,256,2020-04-28,USD/LIBOR/3M,USD,
EOD_MtM,0.68663,Yes,256,2020-04-29,USD/LIBOR/3M,USD,
EOD_MtM,0.55613,Yes,256,2020-04-30,USD/LIBOR/3M,USD,
EOD_MtM,0.54088,Yes,256,2020-05-01,USD/LIBOR/3M,USD,
EOD_MtM,0.50088,Yes,256,2020-05-04,USD/LIBOR/3M,USD,
EOD_MtM,0.474,Yes,256,2020-05-05,USD/LIBOR/3M,USD,
EOD_MtM,0.44763,Yes,256,2020-05-06,USD/LIBOR/3M,USD,
EOD_MtM,0.43463,Yes,256,2020-05-07,USD/LIBOR/3M,USD,
EOD_MtM,0.43463,Yes,256,2020-05-08,USD/LIBOR/3M,USD,
EOD_MtM,0.4335,Yes,256,2020-05-11,USD/LIBOR/3M,USD,
EOD_MtM,0.424,Yes,256,2020-05-12,USD/LIBOR/3M,USD,
EOD_MtM,0.39238,Yes,256,2020-05-13,USD/LIBOR/3M,USD,
EOD_MtM,0.38563,Yes,256,2020-05-14,USD/LIBOR/3M,USD,
EOD_MtM,0.3805,Yes,256,2020-05-15,USD/LIBOR/3M,USD,
EOD_MtM,0.37663,Yes,256,2020-05-18,USD/LIBOR/3M,USD,
EOD_MtM,0.37413,Yes,256,2020-05-19,USD/LIBOR/3M,USD,
EOD_MtM,0.358,Yes,256,2020-05-20,USD/LIBOR/3M,USD,
EOD_MtM,0.3595,Yes,256,2020-05-21,USD/LIBOR/3M,USD,
EOD_MtM,0.36925,Yes,256,2020-05-22,USD/LIBOR/3M,USD,
EOD_MtM,0.36925,Yes,256,2020-05-25,USD/LIBOR/3M,USD,
EOD_MtM,0.37125,Yes,256,2020-05-26,USD/LIBOR/3M,USD,
EOD_MtM,0.3625,Yes,256,2020-05-27,USD/LIBOR/3M,USD,
EOD_MtM,0.35,Yes,256,2020-05-28,USD/LIBOR/3M,USD,
EOD_MtM,0.344,Yes,256,2020-05-29,USD/LIBOR/3M,USD,
EOD_MtM,0.33713,Yes,256,2020-06-01,USD/LIBOR/3M,USD,
EOD_MtM,0.3305,Yes,256,2020-06-02,USD/LIBOR/3M,USD,
EOD_MtM,0.32663,Yes,256,2020-06-03,USD/LIBOR/3M,USD,
EOD_MtM,0.31763,Yes,256,2020-06-04,USD/LIBOR/3M,USD,
EOD_MtM,0.31288,Yes,256,2020-06-05,USD/LIBOR/3M,USD,
EOD_MtM,0.30975,Yes,256,2020-06-08,USD/LIBOR/3M,USD,
EOD_MtM,0.31463,Yes,256,2020-06-09,USD/LIBOR/3M,USD,
EOD_MtM,0.31838,Yes,256,2020-06-10,USD/LIBOR/3M,USD,
EOD_MtM,0.31338,Yes,256,2020-06-11,USD/LIBOR/3M,USD,
EOD_MtM,0.32088,Yes,256,2020-06-12,USD/LIBOR/3M,USD,
EOD_MtM,0.299,Yes,256,2020-06-15,USD/LIBOR/3M,USD,
EOD_MtM,0.30788,Yes,256,2020-06-16,USD/LIBOR/3M,USD,
EOD_MtM,0.31625,Yes,256,2020-06-17,USD/LIBOR/3M,USD,
EOD_MtM,0.30638,Yes,256,2020-06-18,USD/LIBOR/3M,USD,
EOD_MtM,0.30513,Yes,256,2020-06-19,USD/LIBOR/3M,USD,
EOD_MtM,0.29663,Yes,256,2020-06-22,USD/LIBOR/3M,USD,
EOD_MtM,0.29688,Yes,256,2020-06-23,USD/LIBOR/3M,USD,
EOD_MtM,0.28375,Yes,256,2020-06-24,USD/LIBOR/3M,USD,
EOD_MtM,0.306,Yes,256,2020-06-25,USD/LIBOR/3M,USD,
EOD_MtM,0.30788,Yes,256,2020-06-26,USD/LIBOR/3M,USD,
EOD_MtM,0.29613,Yes,256,2020-06-29,USD/LIBOR/3M,USD,
EOD_MtM,0.302,Yes,256,2020-06-30,USD/LIBOR/3M,USD,
EOD_MtM,0.2985,Yes,256,2020-07-01,USD/LIBOR/3M,USD,
EOD_MtM,0.30375,Yes,256,2020-07-02,USD/LIBOR/3M,USD,
EOD_MtM,0.27588,Yes,256,2020-07-03,USD/LIBOR/3M,USD,
EOD_MtM,0.2765,Yes,256,2020-07-06,USD/LIBOR/3M,USD,
EOD_MtM,0.26838,Yes,256,2020-07-07,USD/LIBOR/3M,USD,
EOD_MtM,0.27288,Yes,256,2020-07-08,USD/LIBOR/3M,USD,
EOD_MtM,0.26625,Yes,256,2020-07-09,USD/LIBOR/3M,USD,
EOD_MtM,0.26813,Yes,256,2020-07-10,USD/LIBOR/3M,USD,
EOD_MtM,0.275,Yes,256,2020-07-13,USD/LIBOR/3M,USD,
EOD_MtM,0.27088,Yes,256,2020-07-14,USD/LIBOR/3M,USD,
EOD_MtM,0.27288,Yes,256,2020-07-15,USD/LIBOR/3M,USD,
EOD_MtM,0.27175,Yes,256,2020-07-16,USD/LIBOR/3M,USD,
EOD_MtM,0.27138,Yes,256,2020-07-17,USD/LIBOR/3M,USD,
EOD_MtM,0.25775,Yes,256,2020-07-20,USD/LIBOR/3M,USD,
EOD_MtM,0.2555,Yes,256,2020-07-21,USD/LIBOR/3M,USD,
EOD_MtM,0.2635,Yes,256,2020-07-22,USD/LIBOR/3M,USD,
EOD_MtM,0.2445,Yes,256,2020-07-23,USD/LIBOR/3M,USD,
EOD_MtM,0.24675,Yes,256,2020-07-24,USD/LIBOR/3M,USD,
EOD_MtM,0.26963,Yes,256,2020-07-27,USD/LIBOR/3M,USD,
EOD_MtM,0.26825,Yes,256,2020-07-28,USD/LIBOR/3M,USD,
EOD_MtM,0.26063,Yes,256,2020-07-29,USD/LIBOR/3M,USD,
EOD_MtM,0.251,Yes,256,2020-07-30,USD/LIBOR/3M,USD,
EOD_MtM,0.24875,Yes,256,2020-07-31,USD/LIBOR/3M,USD,
EOD_MtM,0.249,Yes,256,2020-08-03,USD/LIBOR/3M,USD,
EOD_MtM,0.2485,Yes,256,2020-08-04,USD/LIBOR/3M,USD,
EOD_MtM,0.242,Yes,256,2020-08-05,USD/LIBOR/3M,USD,
EOD_MtM,0.24325,Yes,256,2020-08-06,USD/LIBOR/3M,USD,
EOD_MtM,0.2525,Yes,256,2020-08-07,USD/LIBOR/3M,USD,
EOD_MtM,0.25688,Yes,256,2020-08-10,USD/LIBOR/3M,USD,
EOD_MtM,0.2535,Yes,256,2020-08-11,USD/LIBOR/3M,USD,
EOD_MtM,0.26475,Yes,256,2020-08-12,USD/LIBOR/3M,USD,
EOD_MtM,0.28013,Yes,256,2020-08-13,USD/LIBOR/3M,USD,
EOD_MtM,0.27038,Yes,256,2020-08-14,USD/LIBOR/3M,USD,
EOD_MtM,0.26775,Yes,256,2020-08-17,USD/LIBOR/3M,USD,
EOD_MtM,0.253,Yes,256,2020-08-18,USD/LIBOR/3M,USD,
EOD_MtM,0.24688,Yes,256,2020-08-19,USD/LIBOR/3M,USD,
EOD_MtM,0.25613,Yes,256,2020-08-20,USD/LIBOR/3M,USD,
EOD_MtM,0.25,Yes,256,2020-08-21,USD/LIBOR/3M,USD,
EOD_MtM,0.23375,Yes,256,2020-08-24,USD/LIBOR/3M,USD,
EOD_MtM,0.251,Yes,256,2020-08-25,USD/LIBOR/3M,USD,
EOD_MtM,0.25588,Yes,256,2020-08-26,USD/LIBOR/3M,USD,
EOD_MtM,0.246,Yes,256,2020-08-27,USD/LIBOR/3M,USD,
EOD_MtM,0.24088,Yes,256,2020-08-28,USD/LIBOR/3M,USD,
EOD_MtM,0.24088,Yes,256,2020-08-31,USD/LIBOR/3M,USD,
EOD_MtM,0.25113,Yes,256,2020-09-01,USD/LIBOR/3M,USD,
EOD_MtM,0.25125,Yes,256,2020-09-02,USD/LIBOR/3M,USD,
EOD_MtM,0.2495,Yes,256,2020-09-03,USD/LIBOR/3M,USD,
EOD_MtM,0.248,Yes,256,2020-09-04,USD/LIBOR/3M,USD,
EOD_MtM,0.24175,Yes,256,2020-09-07,USD/LIBOR/3M,USD,
EOD_MtM,0.2495,Yes,256,2020-09-08,USD/LIBOR/3M,USD,
EOD_MtM,0.25025,Yes,256,2020-09-09,USD/LIBOR/3M,USD,
EOD_MtM,0.24913,Yes,256,2020-09-10,USD/LIBOR/3M,USD,
EOD_MtM,0.25038,Yes,256,2020-09-11,USD/LIBOR/3M,USD,
EOD_MtM,0.23725,Yes,256,2020-09-14,USD/LIBOR/3M,USD,
EOD_MtM,0.24613,Yes,256,2020-09-15,USD/LIBOR/3M,USD,
EOD_MtM,0.23325,Yes,256,2020-09-16,USD/LIBOR/3M,USD,
EOD_MtM,0.22738,Yes,256,2020-09-17,USD/LIBOR/3M,USD,
EOD_MtM,0.22538,Yes,256,2020-09-18,USD/LIBOR/3M,USD,
EOD_MtM,0.22325,Yes,256,2020-09-21,USD/LIBOR/3M,USD,
EOD_MtM,0.2225,Yes,256,2020-09-22,USD/LIBOR/3M,USD,
EOD_MtM,0.225,Yes,256,2020-09-23,USD/LIBOR/3M,USD,
EOD_MtM,0.23325,Yes,256,2020-09-24,USD/LIBOR/3M,USD,
EOD_MtM,0.21788,Yes,256,2020-09-25,USD/LIBOR/3M,USD,
EOD_MtM,0.22038,Yes,256,2020-09-28,USD/LIBOR/3M,USD,
EOD_MtM,0.22513,Yes,256,2020-09-29,USD/LIBOR/3M,USD,
EOD_MtM,0.23388,Yes,256,2020-09-30,USD/LIBOR/3M,USD,
EOD_MtM,0.234,Yes,256,2020-10-01,USD/LIBOR/3M,USD,
EOD_MtM,0.2335,Yes,256,2020-10-02,USD/LIBOR/3M,USD,
EOD_MtM,0.22025,Yes,256,2020-10-05,USD/LIBOR/3M,USD,
EOD_MtM,0.22975,Yes,256,2020-10-06,USD/LIBOR/3M,USD,
EOD_MtM,0.2295,Yes,256,2020-10-07,USD/LIBOR/3M,USD,
EOD_MtM,0.2205,Yes,256,2020-10-08,USD/LIBOR/3M,USD,
EOD_MtM,0.22413,Yes,256,2020-10-09,USD/LIBOR/3M,USD,
EOD_MtM,0.22888,Yes,256,2020-10-12,USD/LIBOR/3M,USD,
EOD_MtM,0.23688,Yes,256,2020-10-13,USD/LIBOR/3M,USD,
EOD_MtM,0.23013,Yes,256,2020-10-14,USD/LIBOR/3M,USD,
EOD_MtM,0.21775,Yes,256,2020-10-15,USD/LIBOR/3M,USD,
EOD_MtM,0.21838,Yes,256,2020-10-16,USD/LIBOR/3M,USD,
EOD_MtM,0.20863,Yes,256,2020-10-19,USD/LIBOR/3M,USD,
EOD_MtM,0.21575,Yes,256,2020-10-20,USD/LIBOR/3M,USD,
EOD_MtM,0.20913,Yes,256,2020-10-21,USD/LIBOR/3M,USD,
EOD_MtM,0.21475,Yes,256,2020-10-22,USD/LIBOR/3M,USD,
EOD_MtM,0.2165,Yes,256,2020-10-23,USD/LIBOR/3M,USD,
EOD_MtM,0.22225,Yes,256,2020-10-26,USD/LIBOR/3M,USD,
EOD_MtM,0.21325,Yes,256,2020-10-27,USD/LIBOR/3M,USD,
EOD_MtM,0.21438,Yes,256,2020-10-28,USD/LIBOR/3M,USD,
EOD_MtM,0.21438,Yes,256,2020-10-29,USD/LIBOR/3M,USD,
EOD_MtM,0.21575,Yes,256,2020-10-30,USD/LIBOR/3M,USD,
EOD_MtM,0.22013,Yes,256,2020-11-02,USD/LIBOR/3M,USD,
EOD_MtM,0.22475,Yes,256,2020-11-03,USD/LIBOR/3M,USD,
EOD_MtM,0.23225,Yes,256,2020-11-04,USD/LIBOR/3M,USD,
EOD_MtM,0.213,Yes,256,2020-11-05,USD/LIBOR/3M,USD,
EOD_MtM,0.20588,Yes,256,2020-11-06,USD/LIBOR/3M,USD,
EOD_MtM,0.205,Yes,256,2020-11-09,USD/LIBOR/3M,USD,
EOD_MtM,0.21363,Yes,256,2020-11-10,USD/LIBOR/3M,USD,
EOD_MtM,0.22063,Yes,256,2020-11-11,USD/LIBOR/3M,USD,
EOD_MtM,0.221,Yes,256,2020-11-12,USD/LIBOR/3M,USD,
EOD_MtM,0.222,Yes,256,2020-11-13,USD/LIBOR/3M,USD,
EOD_MtM,0.22038,Yes,256,2020-11-16,USD/LIBOR/3M,USD,
EOD_MtM,0.231,Yes,256,2020-11-17,USD/LIBOR/3M,USD,
EOD_MtM,0.22375,Yes,256,2020-11-18,USD/LIBOR/3M,USD,
EOD_MtM,0.21263,Yes,256,2020-11-19,USD/LIBOR/3M,USD,
EOD_MtM,0.20488,Yes,256,2020-11-20,USD/LIBOR/3M,USD,
EOD_MtM,0.2065,Yes,256,2020-11-23,USD/LIBOR/3M,USD,
EOD_MtM,0.23225,Yes,256,2020-11-24,USD/LIBOR/3M,USD,
EOD_MtM,0.233,Yes,256,2020-11-25,USD/LIBOR/3M,USD,
EOD_MtM,0.22438,Yes,256,2020-11-26,USD/LIBOR/3M,USD,
EOD_MtM,0.22538,Yes,256,2020-11-27,USD/LIBOR/3M,USD,
EOD_MtM,0.22763,Yes,256,2020-11-30,USD/LIBOR/3M,USD,
EOD_MtM,0.232,Yes,256,2020-12-01,USD/LIBOR/3M,USD,
EOD_MtM,0.2305,Yes,256,2020-12-02,USD/LIBOR/3M,USD,
EOD_MtM,0.22538,Yes,256,2020-12-03,USD/LIBOR/3M,USD,
EOD_MtM,0.22588,Yes,256,2020-12-04,USD/LIBOR/3M,USD,
EOD_MtM,0.23038,Yes,256,2020-12-07,USD/LIBOR/3M,USD,
EOD_MtM,0.23,Yes,256,2020-12-08,USD/LIBOR/3M,USD,
EOD_MtM,0.22063,Yes,256,2020-12-09,USD/LIBOR/3M,USD,
EOD_MtM,0.2195,Yes,256,2020-12-10,USD/LIBOR/3M,USD,
EOD_MtM,0.2165,Yes,256,2020-12-11,USD/LIBOR/3M,USD,
EOD_MtM,0.21925,Yes,256,2020-12-14,USD/LIBOR/3M,USD,
EOD_MtM,0.22875,Yes,256,2020-12-15,USD/LIBOR/3M,USD,
EOD_MtM,0.23638,Yes,256,2020-12-16,USD/LIBOR/3M,USD,
EOD_MtM,0.23863,Yes,256,2020-12-17,USD/LIBOR/3M,USD,
EOD_MtM,0.23575,Yes,256,2020-12-18,USD/LIBOR/3M,USD,
EOD_MtM,0.24488,Yes,256,2020-12-21,USD/LIBOR/3M,USD,
EOD_MtM,0.23813,Yes,256,2020-12-22,USD/LIBOR/3M,USD,
EOD_MtM,0.251,Yes,256,2020-12-23,USD/LIBOR/3M,USD,
EOD_MtM,0.24013,Yes,256,2020-12-24,USD/LIBOR/3M,USD,
EOD_MtM,0.24013,Yes,256,2020-12-25,USD/LIBOR/3M,USD,
EOD_MtM,0.24013,Yes,256,2020-12-28,USD/LIBOR/3M,USD,
EOD_MtM,0.25388,Yes,256,2020-12-29,USD/LIBOR/3M,USD,
EOD_MtM,0.2375,Yes,256,2020-12-30,USD/LIBOR/3M,USD,
EOD_MtM,0.23838,Yes,256,2020-12-31,USD/LIBOR/3M,USD,
EOD_MtM,0.23838,Yes,256,2021-01-01,USD/LIBOR/3M,USD,
EOD_MtM,0.23725,Yes,256,2021-01-04,USD/LIBOR/3M,USD,
EOD_MtM,0.23688,Yes,256,2021-01-05,USD/LIBOR/3M,USD,
EOD_MtM,0.234,Yes,256,2021-01-06,USD/LIBOR/3M,USD,
EOD_MtM,0.22475,Yes,256,2021-01-07,USD/LIBOR/3M,USD,
EOD_MtM,0.22438,Yes,256,2021-01-08,USD/LIBOR/3M,USD,
EOD_MtM,0.2245,Yes,256,2021-01-11,USD/LIBOR/3M,USD,
EOD_MtM,0.23375,Yes,256,2021-01-12,USD/LIBOR/3M,USD,
EOD_MtM,0.24125,Yes,256,2021-01-13,USD/LIBOR/3M,USD,
EOD_MtM,0.22563,Yes,256,2021-01-14,USD/LIBOR/3M,USD,
EOD_MtM,0.22338,Yes,256,2021-01-15,USD/LIBOR/3M,USD,
EOD_MtM,0.224,Yes,256,2021-01-18,USD/LIBOR/3M,USD,
EOD_MtM,0.22363,Yes,256,2021-01-19,USD/LIBOR/3M,USD,
EOD_MtM,0.22238,Yes,256,2021-01-20,USD/LIBOR/3M,USD,
EOD_MtM,0.21775,Yes,256,2021-01-21,USD/LIBOR/3M,USD,
EOD_MtM,0.21525,Yes,256,2021-01-22,USD/LIBOR/3M,USD,
EOD_MtM,0.21288,Yes,256,2021-01-25,USD/LIBOR/3M,USD,
EOD_MtM,0.2185,Yes,256,2021-01-26,USD/LIBOR/3M,USD,
EOD_MtM,0.2115,Yes,256,2021-01-27,USD/LIBOR/3M,USD,
EOD_MtM,0.205,Yes,256,2021-01-28,USD/LIBOR/3M,USD,
EOD_MtM,0.20188,Yes,256,2021-01-29,USD/LIBOR/3M,USD,
EOD_MtM,0.1955,Yes,256,2021-02-01,USD/LIBOR/3M,USD,
EOD_MtM,0.19225,Yes,256,2021-02-02,USD/LIBOR/3M,USD,
EOD_MtM,0.19513,Yes,256,2021-02-03,USD/LIBOR/3M,USD,
EOD_MtM,0.19263,Yes,256,2021-02-04,USD/LIBOR/3M,USD,
EOD_MtM,0.19088,Yes,256,2021-02-05,USD/LIBOR/3M,USD,
EOD_MtM,0.19538,Yes,256,2021-02-08,USD/LIBOR/3M,USD,
EOD_MtM,0.2025,Yes,256,2021-02-09,USD/LIBOR/3M,USD,
EOD_MtM,0.20088,Yes,256,2021-02-10,USD/LIBOR/3M,USD,
EOD_MtM,0.19763,Yes,256,2021-02-11,USD/LIBOR/3M,USD,
EOD_MtM,0.19375,Yes,256,2021-02-12,USD/LIBOR/3M,USD,
EOD_MtM,0.1915,Yes,256,2021-02-15,USD/LIBOR/3M,USD,
EOD_MtM,0.18863,Yes,256,2021-02-16,USD/LIBOR/3M,USD,
EOD_MtM,0.18138,Yes,256,2021-02-17,USD/LIBOR/3M,USD,
EOD_MtM,0.18238,Yes,256,2021-02-18,USD/LIBOR/3M,USD,
EOD_MtM,0.17525,Yes,256,2021-02-19,USD/LIBOR/3M,USD,
EOD_MtM,0.1755,Yes,256,2021-02-22,USD/LIBOR/3M,USD,
EOD_MtM,0.1875,Yes,256,2021-02-23,USD/LIBOR/3M,USD,
EOD_MtM,0.18975,Yes,256,2021-02-24,USD/LIBOR/3M,USD,
EOD_MtM,0.1905,Yes,256,2021-02-25,USD/LIBOR/3M,USD,
EOD_MtM,0.18838,Yes,256,2021-02-26,USD/LIBOR/3M,USD,
EOD_MtM,0.18425,Yes,256,2021-03-01,USD/LIBOR/3M,USD,
EOD_MtM,0.18338,Yes,256,2021-03-02,USD/LIBOR/3M,USD,
EOD_MtM,0.19375,Yes,256,2021-03-03,USD/LIBOR/3M,USD,
EOD_MtM,0.1755,Yes,256,2021-03-04,USD/LIBOR/3M,USD,
EOD_MtM,0.18538,Yes,256,2021-03-05,USD/LIBOR/3M,USD,
EOD_MtM,0.1825,Yes,256,2021-03-08,USD/LIBOR/3M,USD,
EOD_MtM,0.17725,Yes,256,2021-03-09,USD/LIBOR/3M,USD,
EOD_MtM,0.18413,Yes,256,2021-03-10,USD/LIBOR/3M,USD,
EOD_MtM,0.18388,Yes,256,2021-03-11,USD/LIBOR/3M,USD,
EOD_MtM,0.1895,Yes,256,2021-03-12,USD/LIBOR/3M,USD,
EOD_MtM,0.182,Yes,256,2021-03-15,USD/LIBOR/3M,USD,
EOD_MtM,0.19,Yes,256,2021-03-16,USD/LIBOR/3M,USD,
EOD_MtM,0.18963,Yes,256,2021-03-17,USD/LIBOR/3M,USD,
EOD_MtM,0.18663,Yes,256,2021-03-18,USD/LIBOR/3M,USD,
EOD_MtM,0.19688,Yes,256,2021-03-19,USD/LIBOR/3M,USD,
EOD_MtM,0.1905,Yes,256,2021-03-22,USD/LIBOR/3M,USD,
EOD_MtM,0.20063,Yes,256,2021-03-23,USD/LIBOR/3M,USD,
EOD_MtM,0.19513,Yes,256,2021-03-24,USD/LIBOR/3M,USD,
EOD_MtM,0.193,Yes,256,2021-03-25,USD/LIBOR/3M,USD,
EOD_MtM,0.199,Yes,256,2021-03-26,USD/LIBOR/3M,USD,
EOD_MtM,0.2025,Yes,256,2021-03-29,USD/LIBOR/3M,USD,
EOD_MtM,0.20163,Yes,256,2021-03-30,USD/LIBOR/3M,USD,
EOD_MtM,0.19425,Yes,256,2021-03-31,USD/LIBOR/3M,USD,
EOD_MtM,0.19975,Yes,256,2021-04-01,USD/LIBOR/3M,USD,
EOD_MtM,0.19975,Yes,256,2021-04-02,USD/LIBOR/3M,USD,
EOD_MtM,0.19975,Yes,256,2021-04-05,USD/LIBOR/3M,USD,
EOD_MtM,0.19738,Yes,256,2021-04-06,USD/LIBOR/3M,USD,
EOD_MtM,0.19363,Yes,256,2021-04-07,USD/LIBOR/3M,USD,
EOD_MtM,0.18775,Yes,256,2021-04-08,USD/LIBOR/3M,USD,
EOD_MtM,0.1875,Yes,256,2021-04-09,USD/LIBOR/3M,USD,
EOD_MtM,0.18575,Yes,256,2021-04-12,USD/LIBOR/3M,USD,
EOD_MtM,0.18375,Yes,256,2021-04-13,USD/LIBOR/3M,USD,
EOD_MtM,0.18363,Yes,256,2021-04-14,USD/LIBOR/3M,USD,
EOD_MtM,0.18975,Yes,256,2021-04-15,USD/LIBOR/3M,USD,
EOD_MtM,0.18825,Yes,256,2021-04-16,USD/LIBOR/3M,USD,
EOD_MtM,0.186,Yes,256,2021-04-19,USD/LIBOR/3M,USD,
EOD_MtM,0.18375,Yes,256,2021-04-20,USD/LIBOR/3M,USD,
EOD_MtM,0.17288,Yes,256,2021-04-21,USD/LIBOR/3M,USD,
EOD_MtM,0.17575,Yes,256,2021-04-22,USD/LIBOR/3M,USD,
EOD_MtM,0.18138,Yes,256,2021-04-23,USD/LIBOR/3M,USD,
EOD_MtM,0.184,Yes,256,2021-04-26,USD/LIBOR/3M,USD,
EOD_MtM,0.17713,Yes,256,2021-04-27,USD/LIBOR/3M,USD,
EOD_MtM,0.1855,Yes,256,2021-04-28,USD/LIBOR/3M,USD,
EOD_MtM,0.17563,Yes,256,2021-04-29,USD/LIBOR/3M,USD,
EOD_MtM,0.17638,Yes,256,2021-04-30,USD/LIBOR/3M,USD,
EOD_MtM,0.17638,Yes,256,2021-05-03,USD/LIBOR/3M,USD,
EOD_MtM,0.17538,Yes,256,2021-05-04,USD/LIBOR/3M,USD,
EOD_MtM,0.16988,Yes,256,2021-05-05,USD/LIBOR/3M,USD,
EOD_MtM,0.162,Yes,256,2021-05-06,USD/LIBOR/3M,USD,
EOD_MtM,0.15988,Yes,256,2021-05-07,USD/LIBOR/3M,USD,
EOD_MtM,0.1675,Yes,256,2021-05-10,USD/LIBOR/3M,USD,
EOD_MtM,0.16025,Yes,256,2021-05-11,USD/LIBOR/3M,USD,
EOD_MtM,0.15413,Yes,256,2021-05-12,USD/LIBOR/3M,USD,
EOD_MtM,0.15588,Yes,256,2021-05-13,USD/LIBOR/3M,USD,
EOD_MtM,0.15513,Yes,256,2021-05-14,USD/LIBOR/3M,USD,
EOD_MtM,0.14963,Yes,256,2021-05-17,USD/LIBOR/3M,USD,
EOD_MtM,0.15525,Yes,256,2021-05-18,USD/LIBOR/3M,USD,
EOD_MtM,0.14925,Yes,256,2021-05-19,USD/LIBOR/3M,USD,
EOD_MtM,0.15013,Yes,256,2021-05-20,USD/LIBOR/3M,USD,
EOD_MtM,0.147,Yes,256,2021-05-21,USD/LIBOR/3M,USD,
EOD_MtM,0.14088,Yes,256,2021-05-24,USD/LIBOR/3M,USD,
EOD_MtM,0.1385,Yes,256,2021-05-25,USD/LIBOR/3M,USD,
EOD_MtM,0.135,Yes,256,2021-05-26,USD/LIBOR/3M,USD,
EOD_MtM,0.13463,Yes,256,2021-05-27,USD/LIBOR/3M,USD,
EOD_MtM,0.13138,Yes,256,2021-05-28,USD/LIBOR/3M,USD,
EOD_MtM,0.13138,Yes,256,2021-05-31,USD/LIBOR/3M,USD,
EOD_MtM,0.1285,Yes,256,2021-06-01,USD/LIBOR/3M,USD,
EOD_MtM,0.134,Yes,256,2021-06-02,USD/LIBOR/3M,USD,
EOD_MtM,0.13075,Yes,256,2021-06-03,USD/LIBOR/3M,USD,
EOD_MtM,0.12825,Yes,256,2021-06-04,USD/LIBOR/3M,USD,
EOD_MtM,0.12313,Yes,256,2021-06-07,USD/LIBOR/3M,USD,
EOD_MtM,0.128,Yes,256,2021-06-08,USD/LIBOR/3M,USD,
EOD_MtM,0.12475,Yes,256,2021-06-09,USD/LIBOR/3M,USD,
EOD_MtM,0.119,Yes,256,2021-06-10,USD/LIBOR/3M,USD,
EOD_MtM,0.11888,Yes,256,2021-06-11,USD/LIBOR/3M,USD,
EOD_MtM,0.118,Yes,256,2021-06-14,USD/LIBOR/3M,USD,
EOD_MtM,0.12475,Yes,256,2021-06-15,USD/LIBOR/3M,USD,
EOD_MtM,0.1245,Yes,256,2021-06-16,USD/LIBOR/3M,USD,
EOD_MtM,0.1345,Yes,256,2021-06-17,USD/LIBOR/3M,USD,
EOD_MtM,0.13488,Yes,256,2021-06-18,USD/LIBOR/3M,USD,
EOD_MtM,0.13788,Yes,256,2021-06-21,USD/LIBOR/3M,USD,
EOD_MtM,0.13375,Yes,256,2021-06-22,USD/LIBOR/3M,USD,
EOD_MtM,0.14725,Yes,256,2021-06-23,USD/LIBOR/3M,USD,
EOD_MtM,0.146,Yes,256,2021-06-24,USD/LIBOR/3M,USD,
EOD_MtM,0.146,Yes,256,2021-06-25,USD/LIBOR/3M,USD,
EOD_MtM,0.14725,Yes,256,2021-06-28,USD/LIBOR/3M,USD,
EOD_MtM,0.14488,Yes,256,2021-06-29,USD/LIBOR/3M,USD,
EOD_MtM,0.14575,Yes,256,2021-06-30,USD/LIBOR/3M,USD,
EOD_MtM,0.14475,Yes,256,2021-07-01,USD/LIBOR/3M,USD,
EOD_MtM,0.13788,Yes,256,2021-07-02,USD/LIBOR/3M,USD,
EOD_MtM,0.138,Yes,256,2021-07-05,USD/LIBOR/3M,USD,
EOD_MtM,0.13488,Yes,256,2021-07-06,USD/LIBOR/3M,USD,
EOD_MtM,0.12388,Yes,256,2021-07-07,USD/LIBOR/3M,USD,
EOD_MtM,0.119,Yes,256,2021-07-08,USD/LIBOR/3M,USD,
EOD_MtM,0.12863,Yes,256,2021-07-09,USD/LIBOR/3M,USD,
EOD_MtM,0.13288,Yes,256,2021-07-12,USD/LIBOR/3M,USD,
EOD_MtM,0.12613,Yes,256,2021-07-13,USD/LIBOR/3M,USD,
EOD_MtM,0.12638,Yes,256,2021-07-14,USD/LIBOR/3M,USD,
EOD_MtM,0.13388,Yes,256,2021-07-15,USD/LIBOR/3M,USD,
EOD_MtM,0.13425,Yes,256,2021-07-16,USD/LIBOR/3M,USD,
EOD_MtM,0.13425,Yes,256,2021-07-19,USD/LIBOR/3M,USD,
EOD_MtM,0.13825,Yes,256,2021-07-20,USD/LIBOR/3M,USD,
EOD_MtM,0.13788,Yes,256,2021-07-21,USD/LIBOR/3M,USD,
EOD_MtM,0.12525,Yes,256,2021-07-22,USD/LIBOR/3M,USD,
EOD_MtM,0.12888,Yes,256,2021-07-23,USD/LIBOR/3M,USD,
EOD_MtM,0.13163,Yes,256,2021-07-26,USD/LIBOR/3M,USD,
EOD_MtM,0.12963,Yes,256,2021-07-27,USD/LIBOR/3M,USD,
EOD_MtM,0.1285,Yes,256,2021-07-28,USD/LIBOR/3M,USD,
EOD_MtM,0.12575,Yes,256,2021-07-29,USD/LIBOR/3M,USD,
EOD_MtM,0.11775,Yes,256,2021-07-30,USD/LIBOR/3M,USD,
EOD_MtM,0.12375,Yes,256,2021-08-02,USD/LIBOR/3M,USD,
EOD_MtM,0.12138,Yes,256,2021-08-03,USD/LIBOR/3M,USD,
EOD_MtM,0.12175,Yes,256,2021-08-04,USD/LIBOR/3M,USD,
EOD_MtM,0.12538,Yes,256,2021-08-05,USD/LIBOR/3M,USD,
EOD_MtM,0.12838,Yes,256,2021-08-06,USD/LIBOR/3M,USD,
EOD_MtM,0.12725,Yes,256,2021-08-09,USD/LIBOR/3M,USD,
EOD_MtM,0.12275,Yes,256,2021-08-10,USD/LIBOR/3M,USD,
EOD_MtM,0.12125,Yes,256,2021-08-11,USD/LIBOR/3M,USD,
EOD_MtM,0.12475,Yes,256,2021-08-12,USD/LIBOR/3M,USD,
EOD_MtM,0.12425,Yes,256,2021-08-13,USD/LIBOR/3M,USD,
EOD_MtM,0.1245,Yes,256,2021-08-16,USD/LIBOR/3M,USD,
EOD_MtM,0.12725,Yes,256,2021-08-17,USD/LIBOR/3M,USD,
EOD_MtM,0.13088,Yes,256,2021-08-18,USD/LIBOR/3M,USD,
EOD_MtM,0.13075,Yes,256,2021-08-19,USD/LIBOR/3M,USD,
EOD_MtM,0.12838,Yes,256,2021-08-20,USD/LIBOR/3M,USD,
EOD_MtM,0.12925,Yes,256,2021-08-23,USD/LIBOR/3M,USD,
EOD_MtM,0.12175,Yes,256,2021-08-24,USD/LIBOR/3M,USD,
EOD_MtM,0.12375,Yes,256,2021-08-25,USD/LIBOR/3M,USD,
EOD_MtM,0.12075,Yes,256,2021-08-26,USD/LIBOR/3M,USD,
EOD_MtM,0.11988,Yes,256,2021-08-27,USD/LIBOR/3M,USD,
EOD_MtM,0.11988,Yes,256,2021-08-30,USD/LIBOR/3M,USD,
EOD_MtM,0.11963,Yes,256,2021-08-31,USD/LIBOR/3M,USD,
EOD_MtM,0.11888,Yes,256,2021-09-01,USD/LIBOR/3M,USD,
EOD_MtM,0.11763,Yes,256,2021-09-02,USD/LIBOR/3M,USD,
EOD_MtM,0.1155,Yes,256,2021-09-03,USD/LIBOR/3M,USD,
EOD_MtM,0.11463,Yes,256,2021-09-06,USD/LIBOR/3M,USD,
EOD_MtM,0.116,Yes,256,2021-09-07,USD/LIBOR/3M,USD,
EOD_MtM,0.11575,Yes,256,2021-09-08,USD/LIBOR/3M,USD,
EOD_MtM,0.11413,Yes,256,2021-09-09,USD/LIBOR/3M,USD,
EOD_MtM,0.11575,Yes,256,2021-09-10,USD/LIBOR/3M,USD,
EOD_MtM,0.116,Yes,256,2021-09-13,USD/LIBOR/3M,USD,
EOD_MtM,0.118,Yes,256,2021-09-14,USD/LIBOR/3M,USD,
EOD_MtM,0.12,Yes,256,2021-09-15,USD/LIBOR/3M,USD,
EOD_MtM,0.122,Yes,256,2021-09-16,USD/LIBOR/3M,USD,
EOD_MtM,0.12388,Yes,256,2021-09-17,USD/LIBOR/3M,USD,
EOD_MtM,0.12538,Yes,256,2021-09-20,USD/LIBOR/3M,USD,
EOD_MtM,0.12838,Yes,256,2021-09-21,USD/LIBOR/3M,USD,
EOD_MtM,0.12925,Yes,256,2021-09-22,USD/LIBOR/3M,USD,
EOD_MtM,0.13225,Yes,256,2021-09-23,USD/LIBOR/3M,USD,
EOD_MtM,0.13225,Yes,256,2021-09-24,USD/LIBOR/3M,USD,
EOD_MtM,0.13175,Yes,256,2021-09-27,USD/LIBOR/3M,USD,
EOD_MtM,0.1315,Yes,256,2021-09-28,USD/LIBOR/3M,USD,
EOD_MtM,0.13088,Yes,256,2021-09-29,USD/LIBOR/3M,USD,
EOD_MtM,0.13013,Yes,256,2021-09-30,USD/LIBOR/3M,USD,
EOD_MtM,0.13313,Yes,256,2021-10-01,USD/LIBOR/3M,USD,
EOD_MtM,0.12663,Yes,256,2021-10-04,USD/LIBOR/3M,USD,
EOD_MtM,0.124,Yes,256,2021-10-05,USD/LIBOR/3M,USD,
EOD_MtM,0.124,Yes,256,2021-10-06,USD/LIBOR/3M,USD,
EOD_MtM,0.12363,Yes,256,2021-10-07,USD/LIBOR/3M,USD,
EOD_MtM,0.12113,Yes,256,2021-10-08,USD/LIBOR/3M,USD,
EOD_MtM,0.12175,Yes,256,2021-10-11,USD/LIBOR/3M,USD,
EOD_MtM,0.12675,Yes,256,2021-10-12,USD/LIBOR/3M,USD,
EOD_MtM,0.12375,Yes,256,2021-10-13,USD/LIBOR/3M,USD,
EOD_MtM,0.12225,Yes,256,2021-10-14,USD/LIBOR/3M,USD,
EOD_MtM,0.12363,Yes,256,2021-10-15,USD/LIBOR/3M,USD,
EOD_MtM,0.1315,Yes,256,2021-10-18,USD/LIBOR/3M,USD,
EOD_MtM,0.1295,Yes,256,2021-10-19,USD/LIBOR/3M,USD,
EOD_MtM,0.12825,Yes,256,2021-10-20,USD/LIBOR/3M,USD,
EOD_MtM,0.12388,Yes,256,2021-10-21,USD/LIBOR/3M,USD,
EOD_MtM,0.12488,Yes,256,2021-10-22,USD/LIBOR/3M,USD,
EOD_MtM,0.1345,Yes,256,2021-10-25,USD/LIBOR/3M,USD,
EOD_MtM,0.13588,Yes,256,2021-10-26,USD/LIBOR/3M,USD,
EOD_MtM,0.12863,Yes,256,2021-10-27,USD/LIBOR/3M,USD,
EOD_MtM,0.13163,Yes,256,2021-10-28,USD/LIBOR/3M,USD,
EOD_MtM,0.13225,Yes,256,2021-10-29,USD/LIBOR/3M,USD,
EOD_MtM,0.14088,Yes,256,2021-11-01,USD/LIBOR/3M,USD,
EOD_MtM,0.145,Yes,256,2021-11-02,USD/LIBOR/3M,USD,
EOD_MtM,0.13975,Yes,256,2021-11-03,USD/LIBOR/3M,USD,
EOD_MtM,0.14438,Yes,256,2021-11-04,USD/LIBOR/3M,USD,
EOD_MtM,0.14275,Yes,256,2021-11-05,USD/LIBOR/3M,USD,
EOD_MtM,0.14563,Yes,256,2021-11-08,USD/LIBOR/3M,USD,
EOD_MtM,0.1495,Yes,256,2021-11-09,USD/LIBOR/3M,USD,
EOD_MtM,0.15438,Yes,256,2021-11-10,USD/LIBOR/3M,USD,
EOD_MtM,0.156,Yes,256,2021-11-11,USD/LIBOR/3M,USD,
EOD_MtM,0.155,Yes,256,2021-11-12,USD/LIBOR/3M,USD,
EOD_MtM,0.15788,Yes,256,2021-11-15,USD/LIBOR/3M,USD,
EOD_MtM,0.16,Yes,256,2021-11-16,USD/LIBOR/3M,USD,
EOD_MtM,0.1575,Yes,256,2021-11-17,USD/LIBOR/3M,USD,
EOD_MtM,0.15963,Yes,256,2021-11-18,USD/LIBOR/3M,USD,
EOD_MtM,0.164,Yes,256,2021-11-19,USD/LIBOR/3M,USD,
EOD_MtM,0.16963,Yes,256,2021-11-22,USD/LIBOR/3M,USD,
EOD_MtM,0.178,Yes,256,2021-11-23,USD/LIBOR/3M,USD,
EOD_MtM,0.18025,Yes,256,2021-11-24,USD/LIBOR/3M,USD,
EOD_MtM,0.17563,Yes,256,2021-11-25,USD/LIBOR/3M,USD,
EOD_MtM,0.17538,Yes,256,2021-11-26,USD/LIBOR/3M,USD,
EOD_MtM,0.17088,Yes,256,2021-11-29,USD/LIBOR/3M,USD,
EOD_MtM,0.17325,Yes,256,2021-11-30,USD/LIBOR/3M,USD,
EOD_MtM,0.17463,Yes,256,2021-12-01,USD/LIBOR/3M,USD,
EOD_MtM,0.18013,Yes,256,2021-12-02,USD/LIBOR/3M,USD,
EOD_MtM,0.18763,Yes,256,2021-12-03,USD/LIBOR/3M,USD,
EOD_MtM,0.19,Yes,256,2021-12-06,USD/LIBOR/3M,USD,
EOD_MtM,0.19825,Yes,256,2021-12-07,USD/LIBOR/3M,USD,
EOD_MtM,0.2005,Yes,256,2021-12-08,USD/LIBOR/3M,USD,
EOD_MtM,0.20088,Yes,256,2021-12-09,USD/LIBOR/3M,USD,
EOD_MtM,0.19825,Yes,256,2021-12-10,USD/LIBOR/3M,USD,
EOD_MtM,0.20275,Yes,256,2021-12-13,USD/LIBOR/3M,USD,
EOD_MtM,0.21088,Yes,256,2021-12-14,USD/LIBOR/3M,USD,
EOD_MtM,0.21563,Yes,256,2021-12-15,USD/LIBOR/3M,USD,
EOD_MtM,0.21363,Yes,256,2021-12-16,USD/LIBOR/3M,USD,
EOD_MtM,0.21263,Yes,256,2021-12-17,USD/LIBOR/3M,USD,
EOD_MtM,0.21425,Yes,256,2021-12-20,USD/LIBOR/3M,USD,
EOD_MtM,0.216,Yes,256,2021-12-21,USD/LIBOR/3M,USD,
EOD_MtM,0.21138,Yes,256,2021-12-22,USD/LIBOR/3M,USD,
EOD_MtM,0.21975,Yes,256,2021-12-23,USD/LIBOR/3M,USD,
EOD_MtM,0.21788,Yes,256,2021-12-24,USD/LIBOR/3M,USD,
EOD_MtM,0.21788,Yes,256,2021-12-27,USD/LIBOR/3M,USD,
EOD_MtM,0.21788,Yes,256,2021-12-28,USD/LIBOR/3M,USD,
EOD_MtM,0.22375,Yes,256,2021-12-29,USD/LIBOR/3M,USD,
EOD_MtM,0.21438,Yes,256,2021-12-30,USD/LIBOR/3M,USD,
EOD_MtM,0.20913,Yes,256,2021-12-31,USD/LIBOR/3M,USD,
EOD_MtM,0.20913,Yes,256,2022-01-03,USD/LIBOR/3M,USD,
EOD_MtM,0.216,Yes,256,2022-01-04,USD/LIBOR/3M,USD,
EOD_MtM,0.22557,Yes,256,2022-01-05,USD/LIBOR/3M,USD,
EOD_MtM,0.23129,Yes,256,2022-01-06,USD/LIBOR/3M,USD,
EOD_MtM,0.23614,Yes,256,2022-01-07,USD/LIBOR/3M,USD,
EOD_MtM,0.23829,Yes,256,2022-01-10,USD/LIBOR/3M,USD,
EOD_MtM,0.24443,Yes,256,2022-01-11,USD/LIBOR/3M,USD,
EOD_MtM,0.23843,Yes,256,2022-01-12,USD/LIBOR/3M,USD,
EOD_MtM,0.23914,Yes,256,2022-01-13,USD/LIBOR/3M,USD,
EOD_MtM,0.24129,Yes,256,2022-01-14,USD/LIBOR/3M,USD,
EOD_MtM,0.248,Yes,256,2022-01-17,USD/LIBOR/3M,USD,
EOD_MtM,0.254,Yes,256,2022-01-18,USD/LIBOR/3M,USD,
EOD_MtM,0.25514,Yes,256,2022-01-19,USD/LIBOR/3M,USD,
EOD_MtM,0.25886,Yes,256,2022-01-20,USD/LIBOR/3M,USD,
EOD_MtM,0.25771,Yes,256,2022-01-21,USD/LIBOR/3M,USD,
EOD_MtM,0.26714,Yes,256,2022-01-24,USD/LIBOR/3M,USD,
EOD_MtM,0.26757,Yes,256,2022-01-25,USD/LIBOR/3M,USD,
EOD_MtM,0.27757,Yes,256,2022-01-26,USD/LIBOR/3M,USD,
EOD_MtM,0.299,Yes,256,2022-01-27,USD/LIBOR/3M,USD,
EOD_MtM,0.31657,Yes,256,2022-01-28,USD/LIBOR/3M,USD,
EOD_MtM,0.30886,Yes,256,2022-01-31,USD/LIBOR/3M,USD,
EOD_MtM,0.30271,Yes,256,2022-02-01,USD/LIBOR/3M,USD,
EOD_MtM,0.31057,Yes,256,2022-02-02,USD/LIBOR/3M,USD,
EOD_MtM,0.315,Yes,256,2022-02-03,USD/LIBOR/3M,USD,
EOD_MtM,0.339,Yes,256,2022-02-04,USD/LIBOR/3M,USD,
EOD_MtM,0.36243,Yes,256,2022-02-07,USD/LIBOR/3M,USD,
EOD_MtM,0.36629,Yes,256,2022-02-08,USD/LIBOR/3M,USD,
EOD_MtM,0.37743,Yes,256,2022-02-09,USD/LIBOR/3M,USD,
EOD_MtM,0.39486,Yes,256,2022-02-10,USD/LIBOR/3M,USD,
EOD_MtM,0.50643,Yes,256,2022-02-11,USD/LIBOR/3M,USD,
EOD_MtM,0.45857,Yes,256,2022-02-14,USD/LIBOR/3M,USD,
EOD_MtM,0.46871,Yes,256,2022-02-15,USD/LIBOR/3M,USD,
EOD_MtM,0.48814,Yes,256,2022-02-16,USD/LIBOR/3M,USD,
EOD_MtM,0.481,Yes,256,2022-02-17,USD/LIBOR/3M,USD,
EOD_MtM,0.47957,Yes,256,2022-02-18,USD/LIBOR/3M,USD,
EOD_MtM,0.46386,Yes,256,2022-02-21,USD/LIBOR/3M,USD,
EOD_MtM,0.48786,Yes,256,2022-02-22,USD/LIBOR/3M,USD,
EOD_MtM,0.49757,Yes,256,2022-02-23,USD/LIBOR/3M,USD,
EOD_MtM,0.50786,Yes,256,2022-02-24,USD/LIBOR/3M,USD,
EOD_MtM,0.523,Yes,256,2022-02-25,USD/LIBOR/3M,USD,
EOD_MtM,0.50429,Yes,256,2022-02-28,USD/LIBOR/3M,USD,
EOD_MtM,0.51086,Yes,256,2022-03-01,USD/LIBOR/3M,USD,
EOD_MtM,0.52214,Yes,256,2022-03-02,USD/LIBOR/3M,USD,
EOD_MtM,0.58314,Yes,256,2022-03-03,USD/LIBOR/3M,USD,
EOD_MtM,0.61014,Yes,256,2022-03-04,USD/LIBOR/3M,USD,
EOD_MtM,0.64286,Yes,256,2022-03-07,USD/LIBOR/3M,USD,
EOD_MtM,0.703,Yes,256,2022-03-08,USD/LIBOR/3M,USD,
EOD_MtM,0.745,Yes,256,2022-03-09,USD/LIBOR/3M,USD,
EOD_MtM,0.80286,Yes,256,2022-03-10,USD/LIBOR/3M,USD,
EOD_MtM,0.826,Yes,256,2022-03-11,USD/LIBOR/3M,USD,
EOD_MtM,0.88471,Yes,256,2022-03-14,USD/LIBOR/3M,USD,
EOD_MtM,0.91643,Yes,256,2022-03-15,USD/LIBOR/3M,USD,
EOD_MtM,0.94814,Yes,256,2022-03-16,USD/LIBOR/3M,USD,
EOD_MtM,0.92786,Yes,256,2022-03-17,USD/LIBOR/3M,USD,
EOD_MtM,0.934,Yes,256,2022-03-18,USD/LIBOR/3M,USD,
EOD_MtM,0.95757,Yes,256,2022-03-21,USD/LIBOR/3M,USD,
EOD_MtM,0.95371,Yes,256,2022-03-22,USD/LIBOR/3M,USD,
EOD_MtM,0.96571,Yes,256,2022-03-23,USD/LIBOR/3M,USD,
EOD_MtM,0.96557,Yes,256,2022-03-24,USD/LIBOR/3M,USD,
EOD_MtM,0.98286,Yes,256,2022-03-25,USD/LIBOR/3M,USD,
EOD_MtM,0.99629,Yes,256,2022-03-28,USD/LIBOR/3M,USD,
EOD_MtM,1.006,Yes,256,2022-03-29,USD/LIBOR/3M,USD,
EOD_MtM,0.96686,Yes,256,2022-03-30,USD/LIBOR/3M,USD,
EOD_MtM,0.96157,Yes,256,2022-03-31,USD/LIBOR/3M,USD,
EOD_MtM,0.962,Yes,256,2022-04-01,USD/LIBOR/3M,USD,
EOD_MtM,0.969,Yes,256,2022-04-04,USD/LIBOR/3M,USD,
EOD_MtM,0.96657,Yes,256,2022-04-05,USD/LIBOR/3M,USD,
EOD_MtM,0.98643,Yes,256,2022-04-06,USD/LIBOR/3M,USD,
EOD_MtM,0.98886,Yes,256,2022-04-07,USD/LIBOR/3M,USD,
EOD_MtM,1.01071,Yes,256,2022-04-08,USD/LIBOR/3M,USD,
EOD_MtM,1.02143,Yes,256,2022-04-11,USD/LIBOR/3M,USD,
EOD_MtM,1.03843,Yes,256,2022-04-12,USD/LIBOR/3M,USD,
EOD_MtM,1.04429,Yes,256,2022-04-13,USD/LIBOR/3M,USD,
EOD_MtM,1.06271,Yes,256,2022-04-14,USD/LIBOR/3M,USD,
EOD_MtM,1.06271,Yes,256,2022-04-15,USD/LIBOR/3M,USD,
EOD_MtM,1.06271,Yes,256,2022-04-18,USD/LIBOR/3M,USD,
EOD_MtM,1.09829,Yes,256,2022-04-19,USD/LIBOR/3M,USD,
EOD_MtM,1.13629,Yes,256,2022-04-20,USD/LIBOR/3M,USD,
EOD_MtM,1.184,Yes,256,2022-04-21,USD/LIBOR/3M,USD,
EOD_MtM,1.21371,Yes,256,2022-04-22,USD/LIBOR/3M,USD,
EOD_MtM,1.22486,Yes,256,2022-04-25,USD/LIBOR/3M,USD,
EOD_MtM,1.23814,Yes,256,2022-04-26,USD/LIBOR/3M,USD,
EOD_MtM,1.23886,Yes,256,2022-04-27,USD/LIBOR/3M,USD,
EOD_MtM,1.286,Yes,256,2022-04-28,USD/LIBOR/3M,USD,
EOD_MtM,1.33486,Yes,256,2022-04-29,USD/LIBOR/3M,USD,
EOD_MtM,1.33486,Yes,256,2022-05-02,USD/LIBOR/3M,USD,
EOD_MtM,1.36329,Yes,256,2022-05-03,USD/LIBOR/3M,USD,
EOD_MtM,1.40614,Yes,256,2022-05-04,USD/LIBOR/3M,USD,
EOD_MtM,1.37071,Yes,256,2022-05-05,USD/LIBOR/3M,USD,
EOD_MtM,1.40186,Yes,256,2022-05-06,USD/LIBOR/3M,USD,
EOD_MtM,1.39857,Yes,256,2022-05-09,USD/LIBOR/3M,USD,
EOD_MtM,1.39986,Yes,256,2022-05-10,USD/LIBOR/3M,USD,
EOD_MtM,1.42186,Yes,256,2022-05-11,USD/LIBOR/3M,USD,
EOD_MtM,1.41129,Yes,256,2022-05-12,USD/LIBOR/3M,USD,
EOD_MtM,1.44371,Yes,256,2022-05-13,USD/LIBOR/3M,USD,
EOD_MtM,1.455,Yes,256,2022-05-16,USD/LIBOR/3M,USD,
EOD_MtM,1.44757,Yes,256,2022-05-17,USD/LIBOR/3M,USD,
EOD_MtM,1.478,Yes,256,2022-05-18,USD/LIBOR/3M,USD,
EOD_MtM,1.50486,Yes,256,2022-05-19,USD/LIBOR/3M,USD,
EOD_MtM,1.50643,Yes,256,2022-05-20,USD/LIBOR/3M,USD,
EOD_MtM,1.52386,Yes,256,2022-05-23,USD/LIBOR/3M,USD,
EOD_MtM,1.531,Yes,256,2022-05-24,USD/LIBOR/3M,USD,
EOD_MtM,1.55286,Yes,256,2022-05-25,USD/LIBOR/3M,USD,
EOD_MtM,1.57486,Yes,256,2022-05-26,USD/LIBOR/3M,USD,
EOD_MtM,1.59786,Yes,256,2022-05-27,USD/LIBOR/3M,USD,
EOD_MtM,1.58043,Yes,256,2022-05-30,USD/LIBOR/3M,USD,
EOD_MtM,1.61071,Yes,256,2022-05-31,USD/LIBOR/3M,USD,
EOD_MtM,1.626,Yes,256,2022-06-01,USD/LIBOR/3M,USD,
EOD_MtM,1.626,Yes,256,2022-06-02,USD/LIBOR/3M,USD,
EOD_MtM,1.626,Yes,256,2022-06-03,USD/LIBOR/3M,USD,
EOD_MtM,1.665,Yes,256,2022-06-06,USD/LIBOR/3M,USD,
EOD_MtM,1.69043,Yes,256,2022-06-07,USD/LIBOR/3M,USD,
EOD_MtM,1.68771,Yes,256,2022-06-08,USD/LIBOR/3M,USD,
EOD_MtM,1.72129,Yes,256,2022-06-09,USD/LIBOR/3M,USD,
EOD_MtM,1.74471,Yes,256,2022-06-10,USD/LIBOR/3M,USD,
EOD_MtM,1.82886,Yes,256,2022-06-13,USD/LIBOR/3M,USD,
EOD_MtM,2.00329,Yes,256,2022-06-14,USD/LIBOR/3M,USD,
EOD_MtM,2.02957,Yes,256,2022-06-15,USD/LIBOR/3M,USD,
EOD_MtM,2.06343,Yes,256,2022-06-16,USD/LIBOR/3M,USD,
EOD_MtM,2.09586,Yes,256,2022-06-17,USD/LIBOR/3M,USD,
EOD_MtM,2.12343,Yes,256,2022-06-20,USD/LIBOR/3M,USD,
EOD_MtM,2.15443,Yes,256,2022-06-21,USD/LIBOR/3M,USD,
EOD_MtM,2.18457,Yes,256,2022-06-22,USD/LIBOR/3M,USD,
EOD_MtM,2.19729,Yes,256,2022-06-23,USD/LIBOR/3M,USD,
EOD_MtM,2.23443,Yes,256,2022-06-24,USD/LIBOR/3M,USD,
EOD_MtM,2.23157,Yes,256,2022-06-27,USD/LIBOR/3M,USD,
EOD_MtM,2.25043,Yes,256,2022-06-28,USD/LIBOR/3M,USD,
EOD_MtM,2.27714,Yes,256,2022-06-29,USD/LIBOR/3M,USD,
EOD_MtM,2.28514,Yes,256,2022-06-30,USD/LIBOR/3M,USD,
EOD_MtM,2.29286,Yes,256,2022-07-01,USD/LIBOR/3M,USD,
EOD_MtM,2.32171,Yes,256,2022-07-04,USD/LIBOR/3M,USD,
EOD_MtM,2.34829,Yes,256,2022-07-05,USD/LIBOR/3M,USD,
EOD_MtM,2.39057,Yes,256,2022-07-06,USD/LIBOR/3M,USD,
EOD_MtM,2.42757,Yes,256,2022-07-07,USD/LIBOR/3M,USD,
EOD_MtM,2.423,Yes,256,2022-07-08,USD/LIBOR/3M,USD,
EOD_MtM,2.45514,Yes,256,2022-07-11,USD/LIBOR/3M,USD,
EOD_MtM,2.483,Yes,256,2022-07-12,USD/LIBOR/3M,USD,
EOD_MtM,2.512,Yes,256,2022-07-13,USD/LIBOR/3M,USD,
EOD_MtM,2.74029,Yes,256,2022-07-14,USD/LIBOR/3M,USD,
EOD_MtM,2.73757,Yes,256,2022-07-15,USD/LIBOR/3M,USD,
EOD_MtM,2.70986,Yes,256,2022-07-18,USD/LIBOR/3M,USD,
EOD_MtM,2.73171,Yes,256,2022-07-19,USD/LIBOR/3M,USD,
EOD_MtM,2.759,Yes,256,2022-07-20,USD/LIBOR/3M,USD,
EOD_MtM,2.783,Yes,256,2022-07-21,USD/LIBOR/3M,USD,
EOD_MtM,2.76629,Yes,256,2022-07-22,USD/LIBOR/3M,USD,
EOD_MtM,2.76929,Yes,256,2022-07-25,USD/LIBOR/3M,USD,
EOD_MtM,2.79286,Yes,256,2022-07-26,USD/LIBOR/3M,USD,
EOD_MtM,2.80586,Yes,256,2022-07-27,USD/LIBOR/3M,USD,
EOD_MtM,2.78229,Yes,256,2022-07-28,USD/LIBOR/3M,USD,
EOD_MtM,2.78829,Yes,256,2022-07-29,USD/LIBOR/3M,USD,
EOD_MtM,2.80214,Yes,256,2022-08-01,USD/LIBOR/3M,USD,
EOD_MtM,2.807,Yes,256,2022-08-02,USD/LIBOR/3M,USD,
EOD_MtM,2.83229,Yes,256,2022-08-03,USD/LIBOR/3M,USD,
EOD_MtM,2.86329,Yes,256,2022-08-04,USD/LIBOR/3M,USD,
EOD_MtM,2.86671,Yes,256,2022-08-05,USD/LIBOR/3M,USD,
EOD_MtM,2.91157,Yes,256,2022-08-08,USD/LIBOR/3M,USD,
EOD_MtM,2.921,Yes,256,2022-08-09,USD/LIBOR/3M,USD,
EOD_MtM,2.92271,Yes,256,2022-08-10,USD/LIBOR/3M,USD,
EOD_MtM,2.90514,Yes,256,2022-08-11,USD/LIBOR/3M,USD,
EOD_MtM,2.92157,Yes,256,2022-08-12,USD/LIBOR/3M,USD,
EOD_MtM,2.94186,Yes,256,2022-08-15,USD/LIBOR/3M,USD,
EOD_MtM,2.96057,Yes,256,2022-08-16,USD/LIBOR/3M,USD,
EOD_MtM,2.97657,Yes,256,2022-08-17,USD/LIBOR/3M,USD,
EOD_MtM,2.984,Yes,256,2022-08-18,USD/LIBOR/3M,USD,
EOD_MtM,2.95771,Yes,256,2022-08-19,USD/LIBOR/3M,USD,
EOD_MtM,2.97971,Yes,256,2022-08-22,USD/LIBOR/3M,USD,
EOD_MtM,2.99686,Yes,256,2022-08-23,USD/LIBOR/3M,USD,
EOD_MtM,3.01,Yes,256,2022-08-24,USD/LIBOR/3M,USD,
EOD_MtM,3.04314,Yes,256,2022-08-25,USD/LIBOR/3M,USD,
EOD_MtM,3.06957,Yes,256,2022-08-26,USD/LIBOR/3M,USD,
EOD_MtM,3.06957,Yes,256,2022-08-29,USD/LIBOR/3M,USD,
EOD_MtM,3.08214,Yes,256,2022-08-30,USD/LIBOR/3M,USD,
EOD_MtM,3.09971,Yes,256,2022-08-31,USD/LIBOR/3M,USD,
EOD_MtM,3.14414,Yes,256,2022-09-01,USD/LIBOR/3M,USD,
EOD_MtM,3.15814,Yes,256,2022-09-02,USD/LIBOR/3M,USD,
EOD_MtM,3.14486,Yes,256,2022-09-05,USD/LIBOR/3M,USD,
EOD_MtM,3.16786,Yes,256,2022-09-06,USD/LIBOR/3M,USD,
EOD_MtM,3.194,Yes,256,2022-09-07,USD/LIBOR/3M,USD,
EOD_MtM,3.23571,Yes,256,2022-09-08,USD/LIBOR/3M,USD,
EOD_MtM,3.24543,Yes,256,2022-09-09,USD/LIBOR/3M,USD,
EOD_MtM,3.27014,Yes,256,2022-09-12,USD/LIBOR/3M,USD,
EOD_MtM,3.29257,Yes,256,2022-09-13,USD/LIBOR/3M,USD,
EOD_MtM,3.48343,Yes,256,2022-09-14,USD/LIBOR/3M,USD,
EOD_MtM,3.52714,Yes,256,2022-09-15,USD/LIBOR/3M,USD,
EOD_MtM,3.56529,Yes,256,2022-09-16,USD/LIBOR/3M,USD,
EOD_MtM,3.56529,Yes,256,2022-09-19,USD/LIBOR/3M,USD,
EOD_MtM,3.60171,Yes,256,2022-09-20,USD/LIBOR/3M,USD,
EOD_MtM,3.60386,Yes,256,2022-09-21,USD/LIBOR/3M,USD,
EOD_MtM,3.64143,Yes,256,2022-09-22,USD/LIBOR/3M,USD,
EOD_MtM,3.62843,Yes,256,2022-09-23,USD/LIBOR/3M,USD,
EOD_MtM,3.64086,Yes,256,2022-09-26,USD/LIBOR/3M,USD,
EOD_MtM,3.64186,Yes,256,2022-09-27,USD/LIBOR/3M,USD,
EOD_MtM,3.67414,Yes,256,2022-09-28,USD/LIBOR/3M,USD,
EOD_MtM,3.74286,Yes,256,2022-09-29,USD/LIBOR/3M,USD,
EOD_MtM,3.75471,Yes,256,2022-09-30,USD/LIBOR/3M,USD,
EOD_MtM,3.74829,Yes,256,2022-10-03,USD/LIBOR/3M,USD,
EOD_MtM,3.74071,Yes,256,2022-10-04,USD/LIBOR/3M,USD,
EOD_MtM,3.784,Yes,256,2022-10-05,USD/LIBOR/3M,USD,
EOD_MtM,3.82571,Yes,256,2022-10-06,USD/LIBOR/3M,USD,
EOD_MtM,3.90871,Yes,256,2022-10-07,USD/LIBOR/3M,USD,
EOD_MtM,3.91914,Yes,256,2022-10-10,USD/LIBOR/3M,USD,
EOD_MtM,3.94071,Yes,256,2022-10-11,USD/LIBOR/3M,USD,
EOD_MtM,4.01086,Yes,256,2022-10-12,USD/LIBOR/3M,USD,
EOD_MtM,4.07914,Yes,256,2022-10-13,USD/LIBOR/3M,USD,
EOD_MtM,4.19371,Yes,256,2022-10-14,USD/LIBOR/3M,USD,
EOD_MtM,4.22657,Yes,256,2022-10-17,USD/LIBOR/3M,USD,
EOD_MtM,4.24257,Yes,256,2022-10-18,USD/LIBOR/3M,USD,
EOD_MtM,4.27757,Yes,256,2022-10-19,USD/LIBOR/3M,USD,
EOD_MtM,4.32457,Yes,256,2022-10-20,USD/LIBOR/3M,USD,
EOD_MtM,4.35843,Yes,256,2022-10-21,USD/LIBOR/3M,USD,
EOD_MtM,4.32686,Yes,256,2022-10-24,USD/LIBOR/3M,USD,
EOD_MtM,4.358,Yes,256,2022-10-25,USD/LIBOR/3M,USD,
EOD_MtM,4.37386,Yes,256,2022-10-26,USD/LIBOR/3M,USD,
EOD_MtM,4.41471,Yes,256,2022-10-27,USD/LIBOR/3M,USD,
EOD_MtM,4.43957,Yes,256,2022-10-28,USD/LIBOR/3M,USD,
EOD_MtM,4.46029,Yes,256,2022-10-31,USD/LIBOR/3M,USD,
EOD_MtM,4.45971,Yes,256,2022-11-01,USD/LIBOR/3M,USD,
EOD_MtM,4.50843,Yes,256,2022-11-02,USD/LIBOR/3M,USD,
EOD_MtM,4.53157,Yes,256,2022-11-03,USD/LIBOR/3M,USD,
EOD_MtM,4.55029,Yes,256,2022-11-04,USD/LIBOR/3M,USD,
EOD_MtM,4.55729,Yes,256,2022-11-07,USD/LIBOR/3M,USD,
EOD_MtM,4.592,Yes,256,2022-11-08,USD/LIBOR/3M,USD,
EOD_MtM,4.63,Yes,256,2022-11-09,USD/LIBOR/3M,USD,
EOD_MtM,4.64971,Yes,256,2022-11-10,USD/LIBOR/3M,USD,
EOD_MtM,4.60614,Yes,256,2022-11-11,USD/LIBOR/3M,USD,
EOD_MtM,4.64386,Yes,256,2022-11-14,USD/LIBOR/3M,USD,
EOD_MtM,4.64971,Yes,256,2022-11-15,USD/LIBOR/3M,USD,
EOD_MtM,4.67429,Yes,256,2022-11-16,USD/LIBOR/3M,USD,
EOD_MtM,4.67543,Yes,256,2022-11-17,USD/LIBOR/3M,USD,
EOD_MtM,4.66486,Yes,256,2022-11-18,USD/LIBOR/3M,USD,
EOD_MtM,4.69186,Yes,256,2022-11-21,USD/LIBOR/3M,USD,
EOD_MtM,4.69871,Yes,256,2022-11-22,USD/LIBOR/3M,USD,
EOD_MtM,4.75729,Yes,256,2022-11-23,USD/LIBOR/3M,USD,
EOD_MtM,4.73629,Yes,256,2022-11-24,USD/LIBOR/3M,USD,
EOD_MtM,4.73386,Yes,256,2022-11-25,USD/LIBOR/3M,USD,
EOD_MtM,4.73486,Yes,256,2022-11-28,USD/LIBOR/3M,USD,
EOD_MtM,4.76057,Yes,256,2022-11-29,USD/LIBOR/3M,USD,
EOD_MtM,4.77857,Yes,256,2022-11-30,USD/LIBOR/3M,USD,
EOD_MtM,4.765,Yes,256,2022-12-01,USD/LIBOR/3M,USD,
EOD_MtM,4.73257,Yes,256,2022-12-02,USD/LIBOR/3M,USD,
EOD_MtM,4.73257,Yes,256,2022-12-05,USD/LIBOR/3M,USD,
EOD_MtM,4.73257,Yes,256,2022-12-06,USD/LIBOR/3M,USD,
EOD_MtM,4.72343,Yes,256,2022-12-07,USD/LIBOR/3M,USD,
EOD_MtM,4.73514,Yes,256,2022-12-08,USD/LIBOR/3M,USD,
EOD_MtM,4.73314,Yes,256,2022-12-09,USD/LIBOR/3M,USD,
EOD_MtM,4.75271,Yes,256,2022-12-12,USD/LIBOR/3M,USD,
EOD_MtM,4.769,Yes,256,2022-12-13,USD/LIBOR/3M,USD,
EOD_MtM,4.73629,Yes,256,2022-12-14,USD/LIBOR/3M,USD,
EOD_MtM,4.73771,Yes,256,2022-12-15,USD/LIBOR/3M,USD,
EOD_MtM,4.74586,Yes,256,2022-12-16,USD/LIBOR/3M,USD,
EOD_MtM,4.73829,Yes,256,2022-12-19,USD/LIBOR/3M,USD,
EOD_MtM,4.75257,Yes,256,2022-12-20,USD/LIBOR/3M,USD,
EOD_MtM,4.729,Yes,256,2022-12-21,USD/LIBOR/3M,USD,
EOD_MtM,4.72386,Yes,256,2022-12-22,USD/LIBOR/3M,USD,
EOD_MtM,4.72643,Yes,256,2022-12-23,USD/LIBOR/3M,USD,
EOD_MtM,4.72643,Yes,256,2022-12-26,USD/LIBOR/3M,USD,
EOD_MtM,4.72643,Yes,256,2022-12-27,USD/LIBOR/3M,USD,
EOD_MtM,4.72986,Yes,256,2022-12-28,USD/LIBOR/3M,USD,
EOD_MtM,4.75386,Yes,256,2022-12-29,USD/LIBOR/3M,USD,
EOD_MtM,4.76729,Yes,256,2022-12-30,USD/LIBOR/3M,USD,
EOD_MtM,4.76729,Yes,256,2023-01-02,USD/LIBOR/3M,USD,
EOD_MtM,4.78186,Yes,256,2023-01-03,USD/LIBOR/3M,USD,
EOD_MtM,4.78843,Yes,256,2023-01-04,USD/LIBOR/3M,USD,
EOD_MtM,4.81171,Yes,256,2023-01-05,USD/LIBOR/3M,USD,
EOD_MtM,4.80986,Yes,256,2023-01-06,USD/LIBOR/3M,USD,
EOD_MtM,4.78257,Yes,256,2023-01-09,USD/LIBOR/3M,USD,
EOD_MtM,4.80586,Yes,256,2023-01-10,USD/LIBOR/3M,USD,
EOD_MtM,4.815,Yes,256,2023-01-11,USD/LIBOR/3M,USD,
EOD_MtM,4.82971,Yes,256,2023-01-12,USD/LIBOR/3M,USD,
EOD_MtM,4.79243,Yes,256,2023-01-13,USD/LIBOR/3M,USD,
EOD_MtM,4.79471,Yes,256,2023-01-16,USD/LIBOR/3M,USD,
EOD_MtM,4.79757,Yes,256,2023-01-17,USD/LIBOR/3M,USD,
EOD_MtM,4.80771,Yes,256,2023-01-18,USD/LIBOR/3M,USD,
EOD_MtM,4.81529,Yes,256,2023-01-19,USD/LIBOR/3M,USD,
EOD_MtM,4.81557,Yes,256,2023-01-20,USD/LIBOR/3M,USD,
EOD_MtM,4.81771,Yes,256,2023-01-23,USD/LIBOR/3M,USD,
EOD_MtM,4.82186,Yes,256,2023-01-24,USD/LIBOR/3M,USD,
EOD_MtM,4.81457,Yes,256,2023-01-25,USD/LIBOR/3M,USD,
EOD_MtM,4.80243,Yes,256,2023-01-26,USD/LIBOR/3M,USD,
EOD_MtM,4.82529,Yes,256,2023-01-27,USD/LIBOR/3M,USD,
EOD_MtM,4.81357,Yes,256,2023-01-30,USD/LIBOR/3M,USD,
EOD_MtM,4.81357,Yes,256,2023-01-31,USD/LIBOR/3M,USD,
EOD_MtM,4.79629,Yes,256,2023-02-01,USD/LIBOR/3M,USD,
EOD_MtM,4.80614,Yes,256,2023-02-02,USD/LIBOR/3M,USD,
EOD_MtM,4.83414,Yes,256,2023-02-03,USD/LIBOR/3M,USD,
EOD_MtM,4.84314,Yes,256,2023-02-06,USD/LIBOR/3M,USD,
EOD_MtM,4.845,Yes,256,2023-02-07,USD/LIBOR/3M,USD,
EOD_MtM,4.85929,Yes,256,2023-02-08,USD/LIBOR/3M,USD,
EOD_MtM,4.85929,Yes,256,2023-02-09,USD/LIBOR/3M,USD,
EOD_MtM,4.85929,Yes,256,2023-02-10,USD/LIBOR/3M,USD,

